氏名,氏名（ひらがな）,年齢,生年月日,性別,血液型,メアド,電話番号,携帯電話番号,郵便番号,住所,会社名,クレジットカード,有効期限,マイナンバー
勝木 きよし,かつき きよし,47,1974-12-04,男,AB,kiyoshi_katsuki@example.net,04-8500-3269,050-8713-3150,389-2243,長野県飯山市吉1-2-13,株式会社ハシモト,5931877421005150,12/23,382221221473
橋村 英明,はしむら ひであき,56,1966-09-24,男,AB,hideakihashimura@example.net,0570-91-4928,050-5732-2479,946-0084,新潟県魚沼市宇津野2-4-18,サンコー株式会社,4334637997810687,01/31,864305794132
坂井 志帆,さかい しほ,57,1965-08-17,女,O,shiho_sakai@example.net,03-3267-4193,050-3350-2494,933-0976,富山県高岡市島崎2-3-7,有限会社サポート,373286528583077,10/31,367560477395
鷹取 太一,たかとり たいち,68,1953-12-28,男,B,takatoritaichi@example.jp,05-2833-9346,050-6100-5851,745-0031,山口県周南市銀南街2-3-3,NaN,5021909857114814,10/23,473114267386
吉塚 昭一,よしづか しょういち,60,1962-03-24,男,A,shouichi_yoshizuka@example.com,03-1089-2734,050-1684-4177,606-8186,京都府京都市左京区一乗寺南大丸町3-5-5,有限会社プラネット,5578676478948361,07/26,991097097435
池原 工,いけはら こう,45,1976-12-27,男,A,kou@example.ne.jp,03-7726-2053,090-4735-4113,412-0031,静岡県御殿場市沼田5-1-14,株式会社FIT,4766892637316101,07/24,732241878238
五十嵐 昌之,いがらし まさゆき,73,1949-03-02,男,AB,masayuki_igarashi@example.co.jp,03-7007-8380,080-7181-4165,800-0227,福岡県北九州市小倉南区津田新町2-5-25,NaN,379312053033330,11/31,134771437684
見田 哲史,みた さとし,67,1955-02-21,その他・不明,A,mita_satoshi@example.com,07-9985-7829,070-4916-1187,252-0802,神奈川県藤沢市高倉2-4-22,NaN,5638637351515644,03/26,355099771779
本多 忠彦,ほんだ ただひこ,23,1999-01-21,男,AB,tadahikohonda@example.net,04-9728-1373,080-6808-1791,949-3135,新潟県上越市大潟区内雁子5-3-25,株式会社フェリーチェ,5320299173309813,06/31,218772268642
森井 靖典,もりい やすのり,80,1941-11-03,男,O,yasunori_morii@example.net,07-3850-6468,090-1931-1101,866-0865,熊本県八代市北の丸町2-2-5,NaN,4024208087096624,08/29,442565819831
板持 良典,いたもち よしのり,69,1953-02-24,男,O,yoshinori_itamochi@example.com,03-4538-4698,050-5065-8852,601-1446,京都府京都市伏見区小栗栖北後藤町4-5-26,NaN,5868908475826275,02/31,484060161501
門司 国弘,もんじ くにひろ,50,1972-04-03,男,B,kunihiro_monji@example.ne.jp,0644-53-4751,050-9660-4541,768-0012,香川県観音寺市植田町4-2-4,株式会社ユニバーサル,5975761997222709,05/26,669821088920
岩城 公浩,いわき きみひろ,67,1955-10-12,男,A,iwakikimihiro@example.co.jp,0649-29-7920,080-1301-3861,173-0011,東京都板橋区双葉町1-4-12,NaN,5855960343576839,12/29,958394834125
古田 教之,ふるた かずゆき,41,1981-06-15,男,A,kazuyuki_furuta@example.jp,03-2748-7294,080-9836-3248,879-0474,大分県宇佐市山下1-3-25,株式会社ミライ,374797147633100,12/25,450309235572
宮田 俊輔,みやた しゅんすけ,49,1973-05-11,男,AB,miyata_shunsuke@example.co.jp,0857-13-8452,050-7406-8844,540-0016,大阪府大阪市中央区神崎町2-3-10,有限会社大松,5628150099335216,09/23,823837075204
縄田 巌,なわた いわお,39,1983-03-15,男,B,iwao@example.net,08-2516-7404,080-3271-2611,963-7805,福島県石川郡石川町谷地4-2-2,株式会社ミネルバ,4022486025277370,04/23,324778426291
門田 武彦,かどた たけひこ,60,1962-07-03,男,B,kadota_takehiko@example.jp,05-4764-2524,050-5685-3695,895-2523,鹿児島県伊佐市大口金波田1-3-29,有限会社大塚工業,4798287720960632,10/30,659529791080
山手 洋樹,やまて ひろき,70,1952-09-16,男,O,hiroki@example.jp,0618-45-4579,070-1501-8479,370-043,青森県五所川原市蓮沼2-5-16,NaN,5277778656645573,08/32,729112667881
平 昭治,たいら しょうじ,52,1970-07-25,その他・不明,B,shouji_taira@example.jp,04-3489-8445,080-9802-2699,421-2303,静岡県静岡市葵区有東木3-2-5,株式会社サトウ,5492004463069030,03/27,560645703061
大橋 結花,おおはし ゆか,33,1989-05-06,女,O,oohashiyuka@example.net,05-8558-1396,070-7782-2852,879-7142,大分県豊後大野市三重町小田1-4-9,株式会社クレイン,4728087258221252,02/29,636188144311
穂積 愛里,ほづみ あいり,41,1981-07-06,女,A,hozumi_airi@example.com,0747-97-4966,090-8819-6382,130-025,秋田県横手市寿町3-3-17,株式会社東栄,5949515497264535,11/29,626628925982
浜井 隆哉,はまい たかや,46,1976-05-06,男,B,takaya_hamai@example.ne.jp,03-9910-4973,050-8357-7404,281-115,岩手県上閉伊郡大槌町上町2-4-27,株式会社フルハウス,373187621107278,11/27,885174692667
門屋 昂平,かどや こうへい,24,1998-08-07,男,AB,kouhei_kadoya@example.net,0873-18-1045,050-2560-3736,929-2365,石川県輪島市三井町渡合3-2-25,有限会社太陽商事,5510265190891548,06/29,853046347302
渡辺 睦美,わたなべ むつみ,56,1966-08-03,女,AB,mutsumiwatanabe@example.com,06-5139-6978,090-3635-7912,979-2154,福島県南相馬市小高区神山4-1-16,株式会社桜,4113461570308152,10/32,873494311276
前原 修司,まえはら しゅうじ,21,2001-09-21,男,AB,shuujimaehara@example.co.jp,03-6017-8051,090-1383-6339,634-0828,奈良県橿原市古川町2-4-7,有限会社丸喜,4468413176316436,03/25,907435458794
久米 貴士,くめ たかし,50,1972-09-25,男,O,kume_takashi@example.net,03-5278-1670,080-7685-6841,965-0204,福島県会津若松市湊町原4-3-24,株式会社真栄,4394565648765830,05/28,353225055812
木村 克巳,きむら かつみ,37,1985-06-16,男,AB,katsumi_kimura@example.co.jp,03-1961-7462,050-7285-1021,277-0835,千葉県柏市松ケ崎5-5-6,株式会社TMコーポレーション,379308046098144,11/24,980390200116
光井 香代子,みつい かよこ,80,1942-03-25,女,AB,mitsui_kayoko@example.co.jp,0565-32-6637,050-9446-2684,770-0852,徳島県徳島市徳島町4-5-16,NaN,4973754873228253,03/24,530728986053
外山 敏恵,とやま としえ,73,1949-08-11,その他・不明,A,toyama_toshie@example.ne.jp,03-3626-6227,090-8673-9260,939-0121,富山県高岡市福岡町下老子2-4-2,NaN,4523562655163875,10/24,494519452388
村田 幸徳,むらた こうとく,80,1942-04-06,男,A,koutoku@example.com,07-5018-4786,080-8845-4439,867-0056,熊本県水俣市梅戸町2-3-13,NaN,4748972859767319,05/29,371968208855
塚田 恵理,つかだ えり,24,1998-06-06,女,AB,eri_tsukada@example.ne.jp,07-9847-5244,080-6864-1696,747-0024,山口県防府市国衙1-3-3,有限会社ウイング,4284209227054333,09/24,243798951465
品川 のりこ,しながわ のりこ,47,1974-11-07,女,AB,shinagawa@example.ne.jp,0891-39-6394,070-1718-3988,471-0868,愛知県豊田市神田町5-5-28,株式会社クレッシェンド,4186407652752390,09/27,742825049838
冨安 瑠里子,とみやす るりこ,54,1968-03-14,女,B,ruriko@example.jp,03-6488-2924,080-3369-8294,476-0011,愛知県東海市富木島町2-1-1,株式会社結,5682903617241773,02/25,264688930181
武智 明子,たけち あきこ,33,1988-12-07,女,O,akiko_takechi@example.net,03-3135-8855,090-7445-6866,955-0036,新潟県三条市篭場2-2-13,有限会社ケイテック,5537922726116419,12/25,440851322570
土居 章太郎,どい しょうたろう,23,1999-07-26,男,O,doi_shoutarou@example.ne.jp,0511-98-2239,070-6401-6664,939-1732,富山県南砺市荒木4-4-17,有限会社小林鉄工所,375380739095421,07/25,826355799579
川田 恵一,かわた けいいち,25,1997-08-22,男,AB,keiichi@example.jp,0778-50-4137,050-3835-6047,959-1352,新潟県加茂市上町5-5-15,株式会社フロントライン,5212682733684087,01/24,363530383345
堀池 有希,ほりいけ ゆき,61,1961-03-12,女,AB,yukihoriike@example.jp,03-5179-1355,080-8615-6731,492-8025,愛知県稲沢市赤池中町4-3-26,NaN,378627351188773,12/28,874416344951
赤尾 梨紗,あかお りさ,22,2000-07-14,女,O,akao_risa@example.com,0424-19-5152,080-6615-8636,648-0041,和歌山県橋本市清水5-3-23,エース株式会社,5375202621999661,01/32,296354074030
武井 史明,たけい ふみあき,54,1967-12-05,男,B,fumiakitakei@example.co.jp,03-8143-4764,080-7753-7558,769-1405,香川県三豊市仁尾町仁尾庚4-1-5,有限会社橋本,373991385789233,08/32,870597595356
板屋 隆之,いたや たかゆき,55,1967-02-28,男,AB,takayuki_itaya@example.co.jp,0562-69-9595,070-1537-2082,606-8103,京都府京都市左京区高野西開町1-2-25,有限会社プラム,4009077316202679,09/25,319593022436
樋渡 貢,ひわたし みつぐ,47,1975-03-14,男,A,mitsugu_hiwatashi@example.ne.jp,03-8061-6137,080-8017-1954,604-0932,京都府京都市中京区妙満寺前町3-2-19,有限会社小林鉄工所,5705346235308691,04/29,626751903347
蒔田 芳一,まきた よしかず,75,1947-03-12,男,B,yoshikazu_makita@example.com,0780-51-9646,080-9497-9609,180-901,秋田県由利本荘市中田代3-1-2,NaN,5196608370389289,10/31,730789118665
倉田 亜以子,くらた あいこ,56,1965-12-17,女,A,aiko@example.co.jp,03-5893-7644,090-9801-5581,590-0982,大阪府堺市堺区海山町1-2-4,有限会社三協,4636609522998972,10/22,206818839919
土屋 勝利,つちや かつとし,27,1994-12-15,男,AB,katsutoshi_tsuchiya@example.jp,0826-13-3029,070-2457-9582,466-0022,愛知県名古屋市昭和区塩付通3-2-24,有限会社パル,376701790776907,12/31,901729905170
葛原 けい子,くずはら けいこ,58,1964-05-13,女,B,kuzuhara_keiko@example.jp,03-5573-1611,080-8331-5256,630-8247,奈良県奈良市油阪町3-1-15,株式会社トーケン,371177424514176,12/28,351826468159
赤羽根 瑠璃,あかばね るり,52,1970-07-05,女,A,ruri@example.co.jp,0894-28-4874,070-6572-3166,610-0101,京都府城陽市平川5-3-8,株式会社サンライト,4051313857338385,10/22,941516188802
上間 和隆,うえま かずたか,62,1960-03-23,男,AB,uema_kazutaka@example.net,0565-80-1834,080-3384-3438,250-0405,神奈川県足柄下郡箱根町大平台3-2-25,NaN,5228896425184839,10/27,257263902033
横溝 里枝子,よこみぞ りえこ,37,1985-01-30,女,A,rieko@example.com,06-8734-1674,080-1667-7375,652-0023,兵庫県神戸市兵庫区都由乃町2-5-26,有限会社東洋,5467586955795420,04/28,936880183682
土屋 英代,つちや ひでよ,38,1984-07-14,女,A,tsuchiyahideyo@example.jp,04-8811-4243,090-5151-4807,786-0005,高知県高岡郡四万十町本町5-5-13,株式会社ユニックス,4182881833739018,10/23,493587876388
北原 晴樹,きたはら はるき,67,1955-05-21,男,O,kitahara_haruki@example.ne.jp,08-2403-8821,090-3732-6300,310-114,青森県八戸市南郷中野3-4-8,NaN,5722459819697438,05/32,107628655818
藤永 康幸,ふじなが やすゆき,59,1963-01-01,男,O,fujinaga_yasuyuki@example.com,04-6959-5615,070-4163-8953,430-418,北海道二海郡八雲町熊石関内町1-2-20,株式会社大真,5984979952943844,12/29,903574473062
木山 亜佐子,きやま あさこ,32,1990-09-22,女,AB,asako_kiyama@example.ne.jp,08-9629-1092,070-4988-2368,690-0826,島根県松江市学園南5-4-25,有限会社みらい,5738591455809768,04/27,778787057719
尾石 利絵,おいし りえ,57,1965-02-19,女,B,oishi_rie@example.co.jp,04-6461-5231,080-9783-2539,523-0084,滋賀県近江八幡市船木町5-4-2,有限会社カワサキ,4000212479480778,08/31,253552741582
玉山 智章,たまやま ともあき,61,1961-08-14,男,A,tomoakitamayama@example.jp,0839-19-3725,070-3796-9509,961-0011,福島県白河市久田野1-3-29,NaN,4277665173537233,10/26,459950430001
永山 健吉,ながやま けんきち,24,1998-02-21,男,AB,kenkichinagayama@example.co.jp,03-7032-9674,090-4574-8530,869-5174,熊本県八代市二見下大野町4-1-17,株式会社なごみ,4390668972885030,11/23,249889262302
久米 佳奈子,くめ かなこ,60,1962-07-22,女,B,kume@example.jp,03-8806-6284,050-7769-4025,711-461,北海道上川郡東川町東１１号南3-2-5,フロンティア株式会社,373623098152225,11/30,159960221870
根津 貴司,ねづ たかし,67,1954-10-24,男,O,nezu_takashi@example.net,06-2453-5858,070-7232-2259,519-0121,三重県亀山市江ケ室4-1-11,NaN,4628978473276464,03/26,958634011782
栗田 文,くりた ふみ,34,1988-01-15,女,O,fumi@example.ne.jp,03-7574-6487,070-9140-4462,790-504,北海道雨竜郡妹背牛町４区3-3-11,株式会社ライト,378371404038784,11/25,176676298221
水口 雅,みずぐち まさし,20,2002-09-17,男,O,mizuguchi_masashi@example.com,03-1684-5495,080-4596-3539,300-0131,茨城県かすみがうら市下大堤4-3-3,株式会社栄進,377190372123838,02/28,851359016110
熊崎 静香,くまざき しずか,31,1991-06-25,女,A,kumazaki@example.net,0896-76-7587,080-2345-3871,604-8853,京都府京都市中京区壬生東淵田町4-4-29,有限会社ホクト,5135104848215288,06/25,720222988365
津金 一貴,つがね かずき,70,1952-10-12,男,A,tsugane@example.net,0646-13-7478,070-4497-8598,100-961,秋田県秋田市八橋イサノ4-1-8,NaN,377113738518243,07/24,824165841532
角田 朋,つのだ とも,40,1981-12-01,男,AB,tomo@example.net,03-8179-4279,070-1118-8185,838-0018,福岡県朝倉市日向石5-5-15,有限会社フォルテ,373351003585681,11/27,707945277815
立木 恵一,たちき けいいち,54,1968-04-05,男,O,keiichitachiki@example.ne.jp,03-3940-3513,090-3488-5530,508-0202,岐阜県中津川市下野4-5-8,有限会社プラスワン,5164446094280821,06/27,304096894196
岸 真紀子,きし まきこ,46,1976-02-05,女,B,kishi@example.net,03-3236-1361,080-7296-2881,969-4123,福島県喜多方市山都町中新田2-4-14,株式会社友和,4507845633383026,09/28,318214342993
鈴 慎一,すず しんいち,23,1999-01-09,男,O,suzushin'ichi@example.com,0450-17-1043,070-6434-7448,261-0011,千葉県千葉市美浜区真砂1-1-24,株式会社松商,5711745429151294,07/32,627555865003
下薗 朋美,しもぞの ともみ,61,1961-06-16,女,B,shimozono@example.co.jp,03-8153-7949,050-3758-3846,734-0303,広島県呉市豊町沖友3-4-2,NaN,5220910770284845,09/28,878748976902
羽賀 昌洋,はが まさひろ,27,1995-08-07,男,AB,haga_masahiro@example.com,0469-57-5878,090-9342-4076,496-0911,愛知県愛西市西保町2-4-7,ネクスト株式会社,4755670449837319,12/27,879540091170
門田 紘,かどた こう,51,1970-12-20,男,AB,kou@example.ne.jp,0670-66-4034,090-6815-7415,615-0912,京都府京都市右京区梅津構口町3-2-16,株式会社プロシード,4072431562356293,05/31,823367480834
宮澤 信介,みやざわ しんすけ,40,1982-10-18,男,O,miyazawashinsuke@example.jp,03-9738-6714,090-9348-6909,367-0038,埼玉県本庄市いまい台2-5-4,有限会社山本工務店,4979309579007943,03/24,614610070613
水崎 みか,みずさき みか,41,1981-10-07,女,AB,mika_mizusaki@example.com,0477-43-5076,090-1354-5044,640-1475,和歌山県海草郡紀美野町小西5-2-26,有限会社森商事,4616652609905703,06/25,357336703294
石井 きみよ,いしい きみよ,28,1993-10-27,女,A,ishiikimiyo@example.co.jp,03-1923-7089,080-2953-1148,933-0106,富山県高岡市伏木本町2-2-17,株式会社創建,4898448820792928,03/28,250926419845
櫻澤 英人,さくらざわ ひでと,36,1986-04-08,男,B,sakurazawahideto@example.net,07-4523-4334,090-5230-7970,859-2606,長崎県南島原市加津佐町甲5-5-29,有限会社マキ,4065171856612371,02/23,656819361912
蔦 悠紀,つた ゆうき,26,1996-10-15,女,O,tsuta@example.jp,0534-61-7340,090-4267-4922,979-0406,福島県双葉郡広野町上浅見川1-5-23,有限会社ミズノ,4459793128113754,10/26,942229004733
河原林 真一郎,かわらばやし しんいちろう,65,1957-08-24,その他・不明,A,kawarabayashi_shin'ichirou@example.net,08-6166-7697,090-6342-2890,592-416,北海道新冠郡新冠町古岸3-3-11,NaN,5316116889779426,05/24,544411950231
浅野 春香,あさの はるか,71,1951-04-02,女,O,asano@example.com,03-3072-9336,070-5562-2044,196-0012,東京都昭島市つつじが丘3-4-5,NaN,4104862995183390,12/29,246471745542
勝本 直彦,かつもと なおひこ,49,1973-02-08,男,B,katsumoto_naohiko@example.jp,03-2399-9989,070-7637-6791,211-0042,神奈川県川崎市中原区下新城1-5-25,株式会社ウイン,5820260375318853,09/27,677355927749
仲 まり,なか まり,27,1995-08-01,女,AB,mari@example.co.jp,03-5007-7014,090-8050-6028,136-0074,東京都江東区東砂4-2-15,株式会社トキワ,4814156273928680,01/31,748359115884
冨士 優子,ふじ ゆうこ,26,1996-09-26,女,B,yuuko_fuji@example.jp,05-1968-4248,090-3703-9645,790-171,北海道美唄市光珠内中央2-4-6,株式会社シーク,5830507583535729,08/25,428614019351
日比野 俊英,ひびの としひで,24,1998-08-12,男,A,toshihide@example.com,0729-20-7762,070-2409-2516,441-0323,愛知県豊川市御津町金野足見2-5-19,有限会社アクア,4710331972268918,03/32,825743026937
梶田 華織,かじた かおり,61,1961-05-22,女,A,kaori@example.ne.jp,0858-82-9652,070-2456-2788,822-1324,福岡県田川郡糸田町旭ケ丘3-2-22,NaN,4338679980327982,09/28,683036221973
鴨田 真路,かもだ まさみち,39,1983-01-17,男,A,masamichikamoda@example.ne.jp,03-5666-5585,090-5867-4602,865-0041,熊本県玉名市伊倉北方3-3-11,有限会社ヤマシタ,5333175492406213,04/26,856217367359
堀 佑果,ほり ゆか,50,1972-03-26,女,B,hori@example.net,03-2756-8851,070-1224-3176,385-0056,長野県佐久市桜井4-2-23,有限会社あさひ,4225303552241068,05/27,823938432583
砂田 将英,すなだ まさひで,56,1966-04-10,その他・不明,O,sunadamasahide@example.net,08-3362-9772,050-4170-3605,370-2216,群馬県甘楽郡甘楽町金井2-5-16,有限会社ジョイ,5669474543478292,06/29,863540098885
瀬戸 文武,せと ふみたけ,60,1961-12-15,男,AB,fumitakeseto@example.net,03-3620-3945,090-9622-7949,355-0155,埼玉県比企郡吉見町北吉見2-2-15,株式会社ピュア,5809889850350436,04/25,263424113220
田原 薫子,たはら かおるこ,28,1993-11-29,女,AB,tahara_kaoruko@example.co.jp,0555-59-6755,080-9010-3311,422-8051,静岡県静岡市駿河区中野新田2-5-25,有限会社サンクリエイト,370477425219505,03/24,444735229872
久津間 由香理,くつま ゆかり,25,1997-10-12,女,B,kutsuma@example.ne.jp,04-7190-3401,090-3901-2287,273-0036,千葉県船橋市東中山5-2-5,有限会社大新,376854787806616,10/30,466900969506
桝本 正博,ますもと まさひろ,68,1954-04-07,男,B,masahiromasumoto@example.ne.jp,07-8028-9694,080-8496-7435,669-4316,兵庫県丹波市市島町岩戸5-3-19,NaN,4641946305999742,07/29,245155779201
丸田 将行,まるた まさゆき,47,1975-03-13,男,B,masayuki_maruta@example.com,03-1426-9195,080-6517-5597,675-1332,兵庫県小野市中町4-4-4,有限会社大和,5646645522459203,07/32,602968234061
溝内 宏,みぞうち ひろし,58,1964-09-26,男,B,mizouchihiroshi@example.com,03-9880-8655,080-5292-1958,124-0013,東京都葛飾区東立石4-4-10,株式会社あおば,4865005969203868,11/31,232877679625
石坂 範人,いしざか のりと,62,1959-11-01,男,B,noritoishizaka@example.co.jp,03-3432-9706,080-1439-5727,324-0232,栃木県大田原市八塩1-1-2,NaN,5967533015254842,03/24,717803683731
左 結衣,ひだり ゆい,35,1987-08-24,女,AB,hidariyui@example.jp,08-1025-6788,080-6731-2949,969-6074,福島県大沼郡会津美里町中道下甲2-2-15,株式会社あかり,373723314919111,01/23,535407860905
冨樫 志帆,とがし しほ,67,1955-02-10,女,AB,togashishiho@example.co.jp,03-1371-9001,090-6640-3610,389-1312,長野県上水内郡信濃町富濃4-3-1,NaN,377775562216311,10/23,124956150408
今林 ゆうこ,いまばやし ゆうこ,76,1946-02-06,女,A,yuuko_imabayashi@example.net,03-4214-9822,070-3118-5326,431-1407,静岡県浜松市北区三ヶ日町大谷5-5-16,NaN,4934930733594426,01/24,240301644827
小柴 猛,こしば もう,27,1995-04-19,男,B,koshiba@example.jp,0537-46-9301,080-6444-1018,300-2302,茨城県つくばみらい市狸穴3-5-14,有限会社プレステージ,5885582878701048,02/24,963249676155
若野 謙太郎,わかの けんたろう,21,2001-07-01,男,O,wakano_kentarou@example.net,05-1748-5678,070-2195-4307,592-8352,大阪府堺市西区築港浜寺西町3-5-22,株式会社アンビシャス,5709706786230985,02/29,120616953832
春日井 貴晴,かすがい たかはる,20,2002-08-22,男,A,kasugai_takaharu@example.jp,04-5333-5931,090-4847-2136,957-0076,新潟県新発田市西宮内4-3-26,株式会社オリジン,4470678282800983,05/23,612603601983
楳木 憲作,うめき けんさく,48,1973-11-29,男,AB,umeki_kensaku@example.ne.jp,0640-42-7210,070-4101-2726,640-8143,和歌山県和歌山市二番丁2-1-14,株式会社美建,4873862636356471,03/24,257143519228
多々良 由紀子,たたら ゆきこ,47,1975-05-26,女,B,tatarayukiko@example.jp,0811-93-4736,070-5994-6468,855-0074,長崎県島原市城見町4-1-25,株式会社マルワ,5136279874794251,07/32,561879624929
小池 和輝,こいけ かずき,57,1965-08-27,男,AB,kazuki_koike@example.jp,0761-13-9698,080-1132-2478,431-113,北海道檜山郡厚沢部町新町4-5-20,有限会社アルファ,4323911394116865,12/25,592041939505
妹尾 陽一,せのお よういち,62,1960-02-14,男,A,youichi_senoo@example.jp,05-4456-7995,080-5107-7955,955-0062,新潟県三条市仲之町3-1-17,NaN,4889607398734347,04/24,863437462091
