,氏名,氏名（ひらがな）,年齢,生年月日,性別,血液型,メアド,電話番号,携帯電話番号,郵便番号,住所,会社名,クレジットカード,有効期限,マイナンバー
0,國澤 吉昭,くにさわ よしあき,70,1952-01-30,男,A,kunisawa@example.ne.jp,07-9201-6671,070-8449-5678,999-3224,山形県上山市皆沢3-1-17,NaN,4985496358576483,04/28,184225356838
1,板垣 愛弓,いたがき あゆみ,51,1971-02-02,女,O,itagaki_ayumi@example.net,07-6357-9028,050-8558-9334,378-0307,群馬県沼田市利根町柿平3-4-6,有限会社ブルーム,5791599156360071,01/31,939411809053
2,北沢 みき,きたざわ みき,38,1983-10-04,女,O,kitazawamiki@example.ne.jp,03-3287-4528,070-9260-1749,745-0617,山口県周南市勝間原1-2-3,株式会社大建,4995708266231016,02/31,840441750030
3,水野 久美,みずの くみ,27,1994-12-27,女,O,mizuno_kumi@example.net,03-2974-8971,050-4223-6026,761-8051,香川県高松市西春日町4-4-29,株式会社ベストライフ,377375560361950,09/24,232060772686
4,一瀬 大輔,いちのせ だいすけ,50,1972-03-03,男,B,ichinose_daisuke@example.co.jp,03-7149-8477,050-6813-1014,709-0835,岡山県赤磐市西中2-1-27,株式会社三幸,5164469357949719,07/23,264735016583
5,生島 憲幸,いくしま のりゆき,22,2000-05-23,男,A,noriyuki_ikushima@example.net,07-3915-4253,080-2307-2241,484-0099,愛知県犬山市富岡新町1-4-27,有限会社クリーンサービス,379040566896614,03/23,701952514304
6,濱村 春菜,はまむら はるな,28,1994-01-06,女,B,hamamura_haruna@example.jp,03-2751-9135,090-5350-7495,971-8168,福島県いわき市小名浜君ケ塚町3-4-10,株式会社メイセイ,4752391864922581,02/29,350397061501
7,星野 玲美,ほしの なるみ,59,1963-07-13,女,B,narumi_hoshino@example.co.jp,03-3670-3071,050-6982-3897,855-0075,長崎県島原市下折橋町2-1-15,株式会社プロシード,5080140616905601,03/31,542354088727
8,三ツ橋 由利子,みつはし ゆりこ,27,1995-06-02,女,A,mitsuhashi@example.jp,0517-73-9559,080-6027-1871,879-0621,大分県豊後高田市是永町5-3-16,株式会社フルハウス,373305536009930,12/26,150296197471
9,志方 みゆき,しかた みゆき,41,1981-04-13,女,A,shikata_miyuki@example.com,0765-45-5998,070-3544-2649,914-0013,福井県敦賀市谷口1-4-14,株式会社豊栄,5401992482440099,04/24,997373611968
10,橋 章裕,はし あきひろ,44,1978-06-01,男,O,hashi@example.net,0566-96-7580,050-8119-5929,496-0834,愛知県津島市南本町4-2-2,有限会社山田屋,5400227599341949,03/24,188010033891
11,門屋 友里,かどや ゆり,42,1980-07-03,女,O,kadoyayuri@example.com,03-2365-4880,090-5684-8019,498-0041,愛知県弥富市芝井2-1-8,株式会社サンライズ,4304348343773594,03/25,646379988228
12,牧 尚子,まき なおこ,40,1982-06-15,女,A,naokomaki@example.jp,03-3905-1024,090-8332-2734,500-8438,岐阜県岐阜市島原町1-5-7,株式会社ダイキ,4915047175914917,05/25,452651191278
13,瀬戸 香澄,せと かすみ,21,2000-12-01,女,O,kasumiseto@example.co.jp,06-3993-6188,090-6300-7256,247-0021,神奈川県横浜市栄区東上郷町4-5-24,株式会社玉屋,5362046032539180,03/29,983754827403
14,高城 はるか,たかぎ はるか,34,1988-05-18,女,A,takagi_haruka@example.com,03-4371-9859,090-7221-2109,876-0214,大分県佐伯市本匠上津川1-3-28,株式会社ショウエイ,4095335853481602,07/27,413953119840
15,佐瀬 史哉,させ ふみや,54,1968-02-10,男,B,fumiya_sase@example.com,04-2451-1714,070-9469-2159,987-0359,宮城県登米市豊里町八反5-2-7,有限会社アドバンス,5335495581485698,01/29,585744948343
16,長瀬 絵里子,ながせ えりこ,67,1954-09-13,女,B,eriko_nagase@example.ne.jp,05-8434-7416,080-8654-9808,616-8228,京都府京都市右京区常盤下田町2-5-2,NaN,4845752933696799,07/25,277332564767
17,砂川 香,すながわ かおり,44,1978-02-21,女,O,sunagawa_kaori@example.co.jp,03-2319-1888,070-7294-5705,290-0047,千葉県市原市岩崎3-4-7,株式会社NEXT,4839542405534676,07/32,948127501572
18,龍 綾香,りゅう あやか,67,1954-11-11,女,A,ayakaryuu@example.co.jp,03-2320-1930,090-9287-2086,370-2323,群馬県富岡市野上1-5-22,NaN,371417296071847,01/24,987032787885
19,橋詰 友佳,はしづめ ゆか,56,1966-04-17,女,A,yukahashizume@example.jp,0757-45-8370,070-4941-3919,550-323,北海道沙流郡平取町芽生4-5-9,株式会社キタムラ,377099369445934,03/25,573444271911
20,桑江 梢,くわえ こずえ,26,1996-05-11,女,B,kozue_kuwae@example.co.jp,0533-17-9020,090-7185-7947,879-1122,大分県宇佐市横田2-2-13,有限会社ケイ,5117283341586245,10/26,319145979071
21,小幡 聖,おばた まさし,37,1984-12-03,男,A,obatamasashi@example.jp,03-5414-3731,050-1810-7652,466-0837,愛知県名古屋市昭和区汐見町4-5-11,有限会社鈴木産業,5329554468307275,05/27,627569037039
22,櫛引 斐子,くしびき あやこ,57,1965-02-27,女,B,ayako@example.net,0638-97-2743,080-2031-7307,327-0836,栃木県佐野市寺中町1-4-19,株式会社三幸,372937946878133,03/28,725259715110
23,大畑 力也,おおはた りきや,59,1963-01-12,男,O,rikiya@example.com,07-4106-2500,050-8069-5433,441-1636,愛知県新城市富保3-2-19,株式会社ワタナベ,379910862404489,08/29,974923865425
24,武藤 建一,むとう けんいち,33,1989-09-05,男,B,mutouken'ichi@example.co.jp,04-2907-7051,080-3071-5143,861-030,北海道標津郡中標津町東３０条南5-2-11,株式会社ティアラ,4964426796018337,02/29,894483417734
25,尾関 裕美子,おぜき ゆみこ,45,1976-10-28,女,O,ozeki_yumiko@example.net,0771-75-2922,090-3130-2659,623-0104,京都府綾部市安国寺町1-5-9,有限会社エル,5485771568818939,07/27,633894859319
26,坂田 剛,さかた つよし,30,1991-12-04,男,A,sakatatsuyoshi@example.ne.jp,0848-93-4033,070-8455-5565,294-344,岩手県奥州市衣川沢田2-2-8,株式会社山本組,5727711738960960,11/24,642208882517
27,梶野 敏子,かじの としこ,60,1962-03-18,女,A,toshiko@example.co.jp,05-7848-9758,090-9695-4746,732-0065,広島県広島市東区牛田中4-4-16,高橋工業株式会社,372577564951826,04/29,751619599604
28,洲崎 美樹,すざき みき,21,2000-09-22,女,O,miki_suzaki@example.jp,05-6683-2639,070-3395-4159,444-2121,愛知県岡崎市鴨田町5-2-10,株式会社ヨコヤマ,4452891254267581,01/26,265455120157
29,花山 由佳里,はなやま ゆかり,53,1969-01-01,女,A,yukari_hanayama@example.co.jp,0759-44-6011,070-4094-8893,667-1313,兵庫県美方郡香美町村岡区神坂3-5-26,株式会社清水,4329064121067262,02/27,670173450297
30,戸田 めぐみ,とだ めぐみ,30,1992-03-12,女,A,megumi_toda@example.com,0583-35-4488,090-7009-5848,277-0842,千葉県柏市末広町4-4-2,株式会社翔栄,4444932487638725,04/24,960959457208
31,萩野 さとみ,はぎの さとみ,76,1946-06-04,女,B,hagino_satomi@example.jp,03-2214-8401,070-6820-5755,501-6255,岐阜県羽島市福寿町浅平3-1-6,NaN,4993103256829427,03/23,350058258779
32,宇田 峻,うだ しゅん,20,2002-01-08,男,B,shunuda@example.net,0854-85-8333,090-3719-4126,520-0476,滋賀県大津市葛川中村町1-1-1,株式会社シンエイ,4574059262376139,02/23,793780265335
33,岩崎 詩織,いわさき しおり,29,1993-08-24,女,O,shiori_iwasaki@example.jp,03-1843-7069,080-1939-4300,509-4305,岐阜県飛騨市河合町保木林4-4-16,有限会社エース,376577922336314,12/27,741098165961
34,柏井 真,かしわい まこと,65,1957-01-13,男,B,kashiwai_makoto@example.com,03-9784-2114,050-9401-9604,979-0224,福島県いわき市四倉町薬王寺4-3-19,NaN,4837816336290421,10/23,958996530316
35,山野井 翔大,やまのい しょうだい,37,1985-08-13,男,B,yamanoishoudai@example.ne.jp,03-6351-8618,070-3111-1377,733-0816,広島県広島市西区己斐大迫1-1-13,株式会社サカモト,4409656282200926,05/25,173448208351
36,瀬戸 喜弘,せと よしひろ,56,1965-11-05,男,O,yoshihiro@example.ne.jp,03-6284-1800,080-9913-2378,988-0336,宮城県気仙沼市本吉町泉沢5-1-1,有限会社ビッグ,4796586503107834,11/23,213553353730
37,水原 徳明,みずはら のりあき,34,1988-08-18,男,A,mizuhara_noriaki@example.jp,05-2304-3618,070-5905-9182,649-7113,和歌山県伊都郡かつらぎ町妙寺5-3-13,株式会社池田屋,4190259005248617,02/26,145394660852
38,村 ちさと,むら ちさと,78,1944-08-13,女,B,chisato@example.net,0847-30-2827,050-6309-5488,989-6464,宮城県大崎市岩出山下東昌寺沢2-5-21,NaN,374030196673672,03/24,857599349225
39,赤澤 隆志,あかざわ たかし,34,1987-11-19,男,A,akazawa@example.com,03-6165-6526,090-5989-8639,409-0625,山梨県大月市七保町奈良子2-2-18,株式会社キクチ,5810544084549916,05/24,767217793312
40,廣澤 友紀,ひろさわ ともき,45,1976-10-14,女,AB,hirosawa_tomoki@example.jp,04-3497-1800,090-7681-5128,781-5205,高知県香南市野市町みどり野東2-2-28,株式会社インフィニティ,5922064559132209,02/26,964500933992
41,飯塚 昭久,いいづか あきひさ,72,1949-12-30,男,O,akihisa_iizuka@example.com,0529-51-9988,080-9141-4197,689-1434,鳥取県八頭郡智頭町三吉1-1-17,NaN,4471526942092256,06/27,429080298014
42,岡崎 明人,おかざき あきひと,47,1974-09-22,男,A,akihito@example.co.jp,03-1960-4485,080-1385-4532,797-1432,愛媛県西予市野村町惣川1-5-1,有限会社ヨシムラ,375201872069549,10/31,576852521878
43,戸田 奈央子,とだ なおこ,63,1959-02-07,女,A,toda_naoko@example.co.jp,08-8556-7826,080-9088-3652,380-102,青森県平川市碇ケ関古懸樋ケ沢2-5-23,NaN,5784592984952231,09/31,742172802602
44,中林 謙一,なかばやし けんいち,74,1948-04-05,男,O,ken'ichi@example.ne.jp,03-6965-6057,090-3612-9377,458-0025,愛知県名古屋市緑区鳥澄1-1-28,NaN,4804473425552259,05/25,917078038429
45,山内 万喜子,やまうち まきこ,62,1960-05-10,女,A,makiko_yamauchi@example.co.jp,06-2333-8771,080-2322-9481,880-121,北海道釧路市音別町若草3-4-16,NaN,5753736969700437,05/24,675546880008
46,大森 沙苗,おおもり さなえ,71,1951-06-26,女,O,sanae_oomori@example.ne.jp,03-4303-4623,090-1404-3437,722-1512,広島県三原市八幡町野串1-3-26,NaN,372154191852642,04/27,426526432284
47,今村 佳宏,いまむら よしひろ,30,1992-07-20,男,A,yoshihiro@example.co.jp,03-6131-7540,090-3318-7370,870-034,北海道根室市東和田2-5-10,株式会社SEED,4281482458739679,08/27,779946702342
48,弓削 亜希,ゆげ あき,35,1987-07-23,女,A,aki_yuge@example.net,03-9570-8605,070-1623-6947,677-0034,兵庫県西脇市塚口町5-2-4,株式会社S,5144850387662908,10/29,878872645484
49,小松 ありさ,こまつ ありさ,43,1979-04-09,女,A,arisa_komatsu@example.jp,03-3927-8944,080-5828-7820,988-0806,宮城県気仙沼市上西側3-1-26,株式会社ライフスタイル,5242411413520393,02/26,743071499812
50,我謝 佐和子,がじゃ さわこ,69,1952-11-22,女,B,sawakogaja@example.ne.jp,03-1104-9648,080-5697-9698,662-0086,兵庫県西宮市苦楽園六番町5-5-25,NaN,377448702663000,12/30,889616479158
51,杉谷 充紀,すぎたに あつき,62,1959-10-11,女,O,sugitaniatsuki@example.jp,08-1996-9681,090-1040-5298,259-0153,神奈川県足柄上郡中井町比奈窪2-1-19,NaN,4149967068108250,09/25,376322309088
52,坂上 幸江,さかがみ さちえ,68,1954-06-10,女,A,sachiesakagami@example.net,08-7977-5178,080-6865-1512,904-0013,沖縄県沖縄市室川3-5-22,NaN,5653707729345363,03/24,900048852626
53,齋藤 守彦,さいとう もりひこ,36,1986-04-23,男,O,morihikosaitou@example.net,05-4748-5940,090-9413-6712,383-152,青森県つがる市木造藤岡5-2-2,有限会社インテック,4419884113476941,01/30,247675002728
54,天野 伸悟,あまの しんご,45,1976-10-08,男,A,amano_shingo@example.jp,03-9076-1666,050-7787-1783,679-2432,兵庫県神崎郡神河町大山3-1-26,有限会社ジャスト,5262010569155767,07/27,417731686019
55,国分 俊道,こくぶ としみち,75,1947-06-30,男,A,kokubu_toshimichi@example.ne.jp,07-9299-4914,050-7051-3195,999-3765,山形県東根市神町南4-5-12,NaN,5981259211323359,08/31,402870123539
56,今井 泰樹,いまい やすき,63,1959-03-11,男,B,imaiyasuki@example.co.jp,06-4279-8099,090-6593-7943,604-8381,京都府京都市中京区西ノ京職司町1-2-8,NaN,373468206953475,09/31,409201290497
57,江森 のり子,えもり のりこ,65,1957-07-07,女,AB,emori_noriko@example.ne.jp,0462-84-3690,050-6452-7078,889-2521,宮崎県日南市東弁分乙4-2-11,NaN,4275075094063885,03/32,335702716749
58,新倉 徳子,にいくら のりこ,21,2001-07-08,女,B,niikura@example.jp,0497-29-5234,070-9152-1468,892-446,北海道広尾郡広尾町紋別2-1-9,株式会社アイビー,378257200963133,07/31,208286963723
59,長澤 康行,ながさわ やすゆき,35,1986-11-20,男,O,yasuyuki_nagasawa@example.jp,0644-62-8315,070-4330-9748,969-1171,福島県本宮市本宮樋ノ口1-2-3,株式会社アテナ,5190223306396166,06/27,571308137234
60,吉村 あずさ,よしむら あずさ,47,1975-03-04,女,AB,azusayoshimura@example.com,03-2536-7406,090-2241-9156,856-0002,長崎県大村市東野岳町1-3-7,株式会社ユーアイ,5216477459326536,12/26,941499930599
61,飛松 正行,とびまつ まさゆき,71,1951-04-23,男,AB,tobimatsu_masayuki@example.ne.jp,03-7286-8604,080-2707-8316,501-1178,岐阜県岐阜市上西郷3-5-3,NaN,5271324075127746,06/27,568165149032
62,浅井 留美子,あさい るみこ,25,1997-07-05,女,AB,rumiko_asai@example.net,0466-36-8051,080-1012-5871,608-39,北海道札幌市手稲区曙九条4-3-25,株式会社タツミ,4267176420623619,06/24,107195668629
63,玉井 真子,たまい まこ,60,1962-03-21,女,A,mako_tamai@example.co.jp,0749-96-3346,070-4123-8629,880-124,北海道釧路市音別町緑町3-1-17,有限会社ベストライフ,4731293972653121,01/23,414376959790
64,児玉 幸世,こだま さちよ,57,1965-02-24,女,O,kodama@example.co.jp,07-5995-9395,080-1223-4322,881-118,北海道厚岸郡厚岸町若竹町4-5-7,株式会社グッドワン,371114398417032,04/24,400560409538
65,根津 麗,ねづ れい,34,1987-10-28,女,AB,nezu_rei@example.com,04-4246-5497,070-3929-7508,952-0201,新潟県佐渡市目黒町5-2-19,株式会社アーバン,4758682782861154,01/24,372613937506
66,飯尾 幹人,いいお みきと,59,1963-06-17,男,O,iio@example.com,03-4669-1836,070-3936-1645,424-0035,静岡県静岡市清水区横砂南町2-4-14,株式会社フューチャー,4193128869602210,10/28,303058353023
67,菅井 有香,すがい ゆか,80,1942-02-19,女,A,yukasugai@example.net,03-1350-6230,050-5683-3245,552-307,北海道沙流郡日高町松風町2-2-8,NaN,4505195184033287,03/32,499557633341
68,白石 竜馬,しらいし りょうま,23,1999-03-27,男,AB,ryouma_shiraishi@example.co.jp,07-6903-6173,070-6683-3906,989-5323,宮城県栗原市栗駒菱沼5-4-20,株式会社ONE,4372932997725065,09/23,963179540491
69,國光 正吾,くにみつ しょうご,38,1984-01-25,その他・不明,B,kunimitsushougo@example.ne.jp,03-1905-6881,050-2756-5872,212-0001,神奈川県川崎市幸区小向東芝町4-1-4,有限会社中島商事,5721551645420720,09/31,402559908206
70,長瀬 政宏,ながせ まさひろ,75,1947-05-07,男,AB,masahiro_nagase@example.ne.jp,04-3389-8354,080-3336-2244,321-4411,栃木県真岡市上大田和1-3-21,NaN,4427697128378076,01/32,910266133603
71,長坂 務,ながさか つとむ,37,1984-10-04,その他・不明,O,tsutomunagasaka@example.jp,03-9490-5692,070-3483-2138,278-0042,千葉県野田市吉春5-3-11,株式会社トレス,4912559223801850,03/28,265391119033
72,森井 俊夫,もりい としお,50,1972-07-13,男,B,morii@example.jp,04-3274-1559,050-5290-5719,939-1725,富山県南砺市鍛治4-5-20,有限会社加藤商会,373094876741191,09/27,930151852899
73,高井 惠,たかい めぐみ,78,1944-02-10,女,A,megumi_takai@example.ne.jp,03-2966-1315,050-8056-5531,906-0004,沖縄県宮古島市平良大浦2-5-16,NaN,5359557443134898,01/26,982292441616
74,賀川 綾音,かがわ あやね,55,1967-07-23,女,A,kagawaayane@example.net,04-1480-8694,070-4926-2108,500-8233,岐阜県岐阜市蔵前3-1-12,株式会社アドバンス,376118633258048,10/30,470308894645
75,濱川 由衣,はまかわ ゆい,29,1993-02-18,女,O,hamakawa_yui@example.jp,05-2241-2554,090-4682-8604,986-0314,宮城県石巻市桃生町寺崎1-3-1,有限会社ステップワン,371382539152032,04/30,982282243897
76,江良 佑紀,えら ゆき,54,1968-01-19,男,A,yuki_era@example.ne.jp,05-9900-1516,090-2636-2394,357-0048,埼玉県飯能市岩渕2-2-16,株式会社アルス,4825513717783266,06/25,201534797670
77,山名 幸,やまな さち,79,1943-07-04,女,O,yamana_sachi@example.net,0885-91-6182,080-6031-7087,445-0805,愛知県西尾市鶴城町2-1-16,NaN,5983110739032230,09/24,786220930167
78,下元 紗代,しももと さよ,74,1948-07-15,その他・不明,AB,shimomotosayo@example.ne.jp,03-6743-4343,070-6872-5972,483-8126,愛知県江南市小折本町栄1-2-8,NaN,5304671438773564,08/24,807670147531
79,嵯峨 昌弘,さが まさひろ,59,1963-05-02,男,B,masahiro@example.net,0756-34-3643,070-3134-9469,577-0042,大阪府東大阪市西堤5-5-26,株式会社MK,4966418118278670,04/28,477770727919
80,川地 耕輔,かわち こうすけ,47,1975-05-11,男,B,kousukekawachi@example.net,0548-15-5640,070-4405-6864,415-0036,静岡県下田市西本郷2-1-4,株式会社永光,5745476483209187,07/32,441367323577
81,河原林 誠司,かわらばやし せいじ,64,1958-08-29,男,AB,kawarabayashi@example.co.jp,04-4991-9968,050-6152-4589,254-0063,神奈川県平塚市諏訪町3-5-7,NaN,5429431004637018,07/24,689375949545
82,津田 麻美,つだ あさみ,20,2002-03-09,女,A,asami_tsuda@example.jp,03-5582-1743,050-8000-7499,796-0038,愛媛県八幡浜市清水町花小路3-5-23,有限会社宮崎商店,5685475765608148,01/24,511743261107
83,花井 こころ,はない こころ,61,1961-05-01,女,AB,kokoro_hanai@example.jp,07-3438-4659,080-1691-6735,206-0003,東京都多摩市東寺方5-4-18,NaN,5305915180658705,10/27,856427399927
84,小牧 菜摘,こまき なつみ,73,1949-07-16,女,AB,natsumi_komaki@example.com,0746-13-5794,090-8288-8266,643-0851,和歌山県有田郡有田川町出1-3-12,NaN,5652126459308649,11/31,743906188383
85,藤崎 沙也香,ふじさき さやか,31,1991-03-30,女,A,fujisaki_sayaka@example.jp,03-6876-9857,090-9835-3099,100-942,秋田県秋田市川尻大川町3-2-1,有限会社中島商店,373357353582643,03/24,104353530561
86,新見 裕代,にいみ やすよ,23,1999-07-15,女,A,yasuyo@example.com,03-9633-8220,090-3667-8070,893-154,北海道中川郡池田町信取1-5-9,株式会社加藤工務店,4573816892909489,08/26,403270995939
87,芝山 知里,しばやま ちさと,27,1995-02-16,女,B,shibayama_chisato@example.ne.jp,0655-14-1146,090-6393-8012,716-0054,岡山県高梁市玉川町増原4-4-29,株式会社佐藤商店,5454999269290074,06/30,556062724599
88,魚谷 泰秀,うおたに やすひで,29,1992-12-19,男,B,uotaniyasuhide@example.jp,0752-64-6539,090-9484-2351,335-0034,埼玉県戸田市笹目4-1-2,株式会社TKコーポレーション,4887590524540239,12/26,706901416890
89,松崎 邦治,まつざき くにはる,48,1973-10-20,男,O,kuniharumatsuzaki@example.ne.jp,05-5938-1001,080-8730-2773,879-0305,大分県宇佐市上高家4-3-6,株式会社エイム,5817487930849882,06/30,729966777405
90,近森 知則,ちかもり とものり,76,1946-05-26,その他・不明,O,chikamori@example.ne.jp,03-9456-1670,050-6503-4377,308-0805,茨城県筑西市稲野辺5-5-19,NaN,4601085295287997,09/30,296360739319
91,本郷 樹,ほんごう みき,58,1964-07-24,男,B,miki@example.com,07-9552-7921,070-3465-1454,801-0803,福岡県北九州市門司区田野浦2-3-2,有限会社ファースト,378641865504596,08/30,928514729073
92,岩垂 裕明,いわだれ ひろあき,33,1989-07-26,男,B,hiroaki_iwadare@example.com,04-6678-3775,070-3140-8816,670-0842,兵庫県姫路市城東町毘沙門2-5-29,有限会社秋山商店,4077962193665593,07/24,512461094487
93,中瀬 守弘,なかせ もりひろ,40,1982-02-18,男,A,morihironakase@example.com,04-6637-6182,050-7276-4632,623-0236,京都府綾部市小畑町5-2-6,株式会社大善,5593899851758899,03/23,169511868766
94,村松 昌裕,むらまつ まさひろ,56,1966-05-23,男,A,muramatsumasahiro@example.com,06-8435-8937,090-1634-1251,747-0825,山口県防府市新田3-2-20,有限会社フジ企画,4493233646376127,08/26,878836566944
95,田頭 滋人,たがしら しげひと,38,1983-12-08,男,O,shigehitotagashira@example.ne.jp,03-9225-1127,090-4726-5782,910-3516,福井県福井市風尾町4-2-3,株式会社コラボ,4280569074014382,02/27,495071975459
96,高田 太介,たかだ だいすけ,51,1970-11-12,その他・不明,A,takadadaisuke@example.net,03-5161-3423,090-1645-5738,811-1215,福岡県那珂川市松原2-2-13,株式会社清水商店,4896558495178856,08/26,687404817491
97,芝野 佳世子,しばの かよこ,41,1981-01-18,女,A,kayoko@example.com,0899-40-4294,090-9949-1651,606-8406,京都府京都市左京区浄土寺石橋町5-1-4,株式会社松栄,373166853043343,04/32,326988027642
98,亀井 知之,かめい ともゆき,41,1981-01-08,男,A,kamei_tomoyuki@example.net,03-6258-6322,080-5565-6283,833-0003,福岡県筑後市羽犬塚3-5-10,株式会社スペック,376412436394717,12/29,974672379231
99,早藤 清佳,はやふじ さやか,77,1945-06-15,女,A,hayafujisayaka@example.com,03-2030-5991,070-4577-3823,480-1103,愛知県長久手市岩作寅山2-4-28,NaN,374959026428913,04/30,483241460256
100,杉江 政哉,すぎえ まさや,46,1976-04-18,男,A,masaya@example.com,0777-75-1664,080-8416-2966,648-0021,和歌山県橋本市恋野2-4-10,有限会社林商店,5354702004350320,12/25,197946723433
101,石野 槙子,いしの まきこ,24,1998-07-15,女,B,ishino_makiko@example.net,05-8258-9651,090-4624-7606,678-0216,兵庫県赤穂市正保橋町1-1-18,有限会社大倉,372468319319332,02/32,555451444600
102,古家 真久,ふるや みちひさ,66,1956-03-24,男,AB,michihisa_furuya@example.net,03-3270-6470,080-4052-9451,971-8127,福島県いわき市小名浜玉川町2-5-23,NaN,4585524941130722,01/27,526610811278
103,五嶋 みか,ごとう みか,44,1977-11-24,女,O,gotoumika@example.ne.jp,0488-64-6280,090-3852-6729,507-0019,岐阜県多治見市東山4-3-15,有限会社佐藤商会,5836783438498739,12/23,549705984193
104,岡澤 裕希,おかざわ ゆうき,22,2000-02-21,女,B,okazawa_yuuki@example.net,03-1462-7281,050-3758-7039,999-7705,山形県東田川郡庄内町槇島4-1-2,株式会社ニーズ,376853342287391,09/32,165608343664
105,山元 慧太,やまもと けいた,70,1952-03-28,男,O,yamamoto_keita@example.jp,04-6829-4073,090-2145-1312,252-0326,神奈川県相模原市南区新戸2-5-10,NaN,4215871353739757,03/27,339250421095
106,江良 由貴,えら よしたか,56,1965-11-05,女,O,era_yoshitaka@example.ne.jp,03-2910-1308,050-3035-2606,682-0911,鳥取県倉吉市寺谷1-4-7,株式会社コウエイ,4221577716218904,04/31,350435300692
107,藤崎 宗利,ふじさき むねとし,27,1995-07-09,男,A,fujisaki_munetoshi@example.com,03-9695-6224,050-6051-6512,960-8018,福島県福島市松木町2-1-16,株式会社シンプル,4184175715616193,09/27,284903962457
108,瀬戸山 公代,せとやま ひろよ,69,1953-08-19,女,A,hiroyosetoyama@example.com,0411-97-5382,050-8807-2818,943-0839,新潟県上越市上湯谷4-3-12,NaN,4315954230168119,12/31,169344958821
109,的場 純子,まとば じゅんこ,45,1977-04-13,女,A,matoba_junko@example.net,08-5930-8161,050-4455-7798,392-668,青森県上北郡東北町北膳前2-5-15,株式会社シナプス,5341498350299527,10/24,145541125554
110,斉藤 靖之,さいとう やすゆき,68,1953-11-07,その他・不明,B,yasuyukisaitou@example.net,0596-36-5134,070-7113-5165,683-0354,鳥取県西伯郡南部町武信3-2-3,NaN,5658321999914074,09/25,752318619872
111,入交 敬子,いりまじり けいこ,43,1979-06-19,女,O,keiko@example.net,07-1776-6598,050-5557-2651,984-102,北海道天塩郡豊富町目梨別1-3-24,株式会社グランデ,376850216161891,04/28,202890108489
112,繁田 麻実,しげた あさみ,48,1974-04-13,女,A,asami_shigeta@example.com,03-2308-4920,050-2445-3891,600-8407,京都府京都市下京区朝妻町5-4-4,株式会社新星,5223617720408607,07/26,397188691729
113,國本 将臣,くにもと まさおみ,46,1976-07-07,男,B,kunimotomasaomi@example.com,0576-11-6783,080-8190-7324,518-0827,三重県伊賀市平野清水3-1-24,株式会社タイヨー,5116302718739805,03/24,789573480832
114,多賀 はる香,たが はるか,52,1970-07-25,女,O,haruka@example.net,03-4561-3129,070-4192-4963,920-0114,石川県金沢市加賀朝日町2-1-13,三和商事株式会社,376041049406144,08/30,989395702799
115,舛田 和人,ますだ かずと,24,1998-07-21,男,A,kazuto@example.com,03-5720-1232,070-9801-3268,931-8427,富山県富山市宮条1-2-26,株式会社ワイテック,373268305653724,11/31,440266693900
116,水崎 伸枝,みずさき のぶえ,78,1943-12-30,女,A,mizusakinobue@example.com,07-1095-2627,050-9236-1663,895-1803,鹿児島県薩摩郡さつま町宮之城屋地1-4-17,NaN,5553562267448762,06/25,506882792198
117,浦田 清久,うらた きよひさ,73,1948-09-18,男,A,kiyohisa_urata@example.ne.jp,03-9453-4835,090-3296-6077,929-0455,石川県河北郡津幡町倉見1-4-12,NaN,5317984658272750,03/26,458533159214
118,石井 つぐみ,いしい つぐみ,66,1956-04-06,女,A,ishii@example.jp,0686-10-5867,050-2409-3346,710-541,北海道空知郡上富良野町富町5-4-17,NaN,5024980246743759,12/27,876953966047
119,奥田 睦美,おくだ むつみ,53,1968-10-10,女,O,okuda_mutsumi@example.com,07-4652-6885,050-4140-3835,263-0032,千葉県千葉市稲毛区稲毛台町2-2-14,有限会社森商店,5661413052765805,02/24,971158367010
120,赤塚 邦子,あかつか くにこ,50,1972-02-01,女,B,akatsuka_kuniko@example.net,04-7932-2910,080-9012-1841,321-4515,栃木県真岡市反町2-5-27,有限会社アーネスト,374968984577787,05/23,437376037023
121,宇都 リエ,うと りえ,28,1994-05-12,女,O,rie_uto@example.com,0513-99-8473,090-6690-2464,182-619,秋田県山本郡八峰町八森長坂4-2-6,有限会社大和屋,379231516547178,12/25,883102212577
122,川添 紳一郎,かわぞえ しんいちろう,74,1948-03-28,男,A,shin'ichiroukawazoe@example.jp,04-1889-2631,070-1722-8649,731-1701,広島県山県郡北広島町志路原3-4-15,NaN,372961138961323,11/23,913207933491
123,望月 英昭,もちづき ひであき,49,1972-11-13,その他・不明,O,mochizukihideaki@example.net,0813-52-3034,070-9889-5186,380-0921,長野県長野市栗田2-3-7,株式会社フジケン,4522987738657448,07/29,818073270939
124,富永 珠美,とみなが たまみ,72,1949-12-02,女,O,tominaga_tamami@example.ne.jp,03-9352-5428,080-4108-7323,822-1314,福岡県田川郡糸田町中糸田2-1-6,NaN,4294690011457674,11/26,732899450938
125,島村 亜希,しまむら あき,65,1957-06-16,女,A,shimamura@example.com,07-1377-4056,080-7716-2900,928-0311,石川県鳳珠郡能登町合鹿1-2-15,NaN,5796275135234549,04/24,557219599186
126,高岡 啓佑,たかおか けいすけ,67,1955-01-24,男,A,takaokakeisuke@example.co.jp,0695-76-3752,090-1813-1045,326-0057,栃木県足利市丸山町1-4-7,NaN,375921394719009,04/31,394271363600
127,落合 梓,おちあい あずさ,55,1967-09-01,女,AB,azusa_ochiai@example.com,04-3404-5160,080-7154-8283,599-8103,大阪府堺市東区菩提町3-2-8,株式会社イレブン,5892046378734200,02/29,882756728302
128,森重 葉子,もりしげ ようこ,63,1959-03-02,その他・不明,B,morishige_youko@example.co.jp,04-6010-9192,080-2881-3153,624-0851,京都府舞鶴市大内野町1-5-7,NaN,5239333818605792,06/25,478171525179
129,生島 邦子,いくしま くにこ,61,1961-03-25,女,B,kuniko@example.ne.jp,04-4150-3854,090-3691-9765,796-0075,愛媛県八幡浜市仲之町1-3-17,NaN,5821665339027639,12/27,697787394710
130,渋谷 綾子,しぶや あやこ,79,1943-08-03,女,B,ayako_shibuya@example.jp,03-5994-2499,050-5248-4856,699-0105,島根県松江市東出雲町内馬1-5-14,NaN,4434088341820053,07/31,206104120868
131,植村 佳恵,うえむら よしえ,43,1979-07-02,女,AB,yoshie_uemura@example.com,03-7458-4409,090-8611-3598,254-0021,神奈川県平塚市長瀞2-2-15,株式会社ラック,5442037757823612,01/29,633947752401
132,池畑 文香,いけはた あやか,52,1970-01-07,女,O,ikehata_ayaka@example.net,0877-85-3182,070-9440-9585,987-0703,宮城県登米市登米町日根牛3-5-19,株式会社三晃,4870008018748372,11/22,194373791689
133,金澤 里美,かなざわ さとみ,38,1983-10-10,女,O,kanazawa_satomi@example.com,05-5937-9689,090-4593-3755,490-1443,愛知県海部郡飛島村新政成3-5-25,株式会社鈴木工業,5051643476448902,01/26,539743230455
134,黒岩 康恵,くろいわ やすえ,47,1975-07-10,女,A,kuroiwa@example.co.jp,0830-10-5891,070-1192-7472,985-814,北海道枝幸郡枝幸町岬町5-4-14,有限会社ハセガワ,5839782164411027,10/22,938421828597
135,戸田 あづさ,とだ あづさ,40,1982-04-01,女,B,azusa@example.com,03-2467-3400,070-7963-6907,491-0914,愛知県一宮市花池4-3-4,株式会社グランツ,4406859122652091,10/22,963030262122
136,岩城 啓祐,いわき けいすけ,32,1990-06-30,男,A,keisuke_iwaki@example.net,0442-22-9700,070-5143-2941,296-0123,千葉県鴨川市北風原4-2-2,株式会社サンホーム,4454906078756514,12/22,835777648027
137,嵯峨 幸代,さが ゆきよ,60,1961-10-14,女,B,saga@example.jp,0895-48-3362,090-2444-1785,958-0877,新潟県村上市泉町4-4-20,株式会社アウル,4349990159906316,11/31,873464861397
138,赤羽根 力也,あかばね りきや,52,1970-03-25,男,O,akabanerikiya@example.net,03-3382-6423,080-5647-7386,484-0058,愛知県犬山市大門4-4-12,株式会社コウエイ,4663644228513217,05/25,931555225053
139,杉谷 みどり,すぎたに みどり,25,1996-09-20,女,A,sugitani_midori@example.jp,0641-99-5868,070-3814-7084,692-0211,島根県安来市伯太町母里2-5-27,有限会社金子製作所,4937363012851520,12/23,880674332906
140,川村 太一,かわむら たいち,64,1957-12-10,男,A,kawamura_taichi@example.co.jp,07-7498-4411,080-8711-1837,270-503,岩手県下閉伊郡岩泉町猿沢5-5-15,NaN,5306563866375803,01/28,801927886000
141,中澤 ゆい,なかざわ ゆい,58,1963-10-21,その他・不明,AB,yuinakazawa@example.ne.jp,03-8370-2593,090-7113-8402,709-0523,岡山県和気郡和気町小坂1-5-15,有限会社アドバンス,4013782163470233,03/26,949331017525
142,中塚 伊津子,なかつか いつこ,36,1986-04-19,女,AB,nakatsukaitsuko@example.ne.jp,03-8082-7211,090-8994-4594,882-0821,宮崎県延岡市本町4-3-20,株式会社中村商店,4957754575641189,03/31,562941499902
143,廣江 綾奈,ひろえ あやな,57,1965-04-06,女,A,ayana_hiroe@example.co.jp,0589-80-2245,080-2395-5459,483-8141,愛知県江南市布袋町西布5-1-13,株式会社アールズ,371128430005652,03/28,176358364043
144,平田 保,ひらた たもつ,35,1987-05-03,男,O,hirata_tamotsu@example.co.jp,03-8200-7652,080-9996-8749,501-1504,岐阜県本巣市根尾天神堂1-1-1,株式会社クロノス,373241398056814,05/27,741089166155
145,三田 真梨,みた まり,79,1943-06-11,女,A,mari_mita@example.jp,08-7148-8098,070-8445-5504,626-0074,京都府宮津市上司3-1-21,NaN,4810062849679097,06/27,389080351247
146,錦戸 啓佑,にしきど けいすけ,32,1990-06-11,男,B,nishikido_keisuke@example.jp,03-4125-9723,070-8661-5990,135-0022,東京都江東区三好3-3-24,株式会社ファースト,4469443742976666,08/31,804714820974
147,尾澤 渓,おざわ けい,48,1973-10-16,女,A,ozawakei@example.net,08-3589-2299,090-8247-4839,410-0821,静岡県沼津市大平1-1-19,有限会社タカノ,4576135752383894,03/24,539002532098
148,紺野 万喜子,こんの まきこ,78,1944-03-09,女,B,konnomakiko@example.com,0524-90-7081,070-8688-2289,853-0606,長崎県五島市三井楽町丑ノ浦5-4-9,NaN,4431222945872115,07/29,752313963750
149,立木 史織,たちき しおり,39,1983-06-12,女,O,tachiki@example.co.jp,07-1448-4588,050-9579-5603,989-2202,宮城県亘理郡山元町高瀬3-4-14,有限会社プラス,4375810808334155,07/29,727799910956
150,堀本 さや香,ほりもと さやか,62,1960-06-12,女,O,sayaka@example.jp,0632-48-8700,090-7215-3046,603-8003,京都府京都市北区上賀茂柊谷町2-1-10,NaN,5387011666632100,11/26,226113017498
151,小嶋 文雄,こじま ふみお,65,1957-06-21,男,B,fumiokojima@example.co.jp,03-3143-6269,080-8830-7844,792-204,北海道勇払郡占冠村中トマム1-4-2,NaN,5939452854625449,09/23,532786812457
152,鵜飼 迪子,うかい みちこ,39,1983-05-04,女,AB,ukai_michiko@example.com,03-6571-3539,090-1791-7512,702-8044,岡山県岡山市南区福島4-1-3,株式会社サンユー,4576144912287591,11/27,553626240399
153,安孫子 伸枝,あびこ のぶえ,67,1955-07-22,女,B,abiko_nobue@example.com,06-5216-4770,080-7457-1032,981-3329,宮城県富谷市大清水1-2-1,NaN,378571405207808,06/32,339850580141
154,杉本 貴久,すぎもと たかひさ,36,1986-05-11,男,B,sugimoto_takahisa@example.net,03-6630-2436,070-1875-7992,810-205,北海道河東郡鹿追町西笹川4-4-4,有限会社伊勢屋,4745708106609758,05/24,670958331996
155,大町 香苗,おおまち かなえ,54,1968-03-19,女,B,oomachi_kanae@example.net,0462-14-6709,050-3735-8647,614-8005,京都府八幡市八幡高坊2-1-16,株式会社セイケン,5707137949365749,12/25,120143183474
156,檜垣 弘子,ひがき ひろこ,66,1956-05-22,その他・不明,A,hiroko_higaki@example.com,03-3250-5251,070-8407-5945,520-3035,滋賀県栗東市霊仙寺5-2-23,NaN,376446757610292,09/26,882799524022
157,大津 健生,おおつ たけお,57,1965-03-24,男,O,ootsutakeo@example.net,03-3649-8363,050-3847-1285,583-0008,大阪府藤井寺市大井1-2-25,有限会社エンゼル,4595033489366220,04/24,381958186077
158,古家 貴雄,ふるや たかお,70,1951-10-19,男,AB,takao@example.jp,04-8667-1725,090-3299-4808,250-0311,神奈川県足柄下郡箱根町湯本5-3-12,NaN,4743263258333530,11/31,673448262434
159,井芹 舞,いせり まい,24,1997-10-15,女,A,maiiseri@example.jp,03-1925-7561,070-8886-5080,904-2175,沖縄県沖縄市潮乃森5-5-20,佐藤商事株式会社,374079026285624,01/23,512228099270
160,藤橋 雄飛,ふじはし ゆうひ,49,1973-02-21,男,O,fujihashi_yuuhi@example.net,07-2296-7186,050-1645-6720,355-0042,埼玉県東松山市今泉1-2-27,株式会社アックス,5570465827726070,02/31,791522854132
161,北沢 康恵,きたざわ やすえ,26,1996-08-22,女,A,kitazawayasue@example.com,03-1291-1209,070-1275-8491,830-003,北海道中川郡池田町清見ケ丘3-1-1,有限会社太田商店,4714271142014618,07/26,649424942966
162,入交 織恵,いりまじり おりえ,73,1949-07-02,女,AB,irimajiri@example.jp,0542-97-1901,080-8430-1610,620-0985,京都府福知山市梅谷2-2-19,NaN,5284553373324610,02/27,357539203980
163,大沼 美砂子,おおぬま みさこ,31,1991-04-01,女,A,oonuma_misako@example.net,0537-38-1950,090-2943-2163,610-0101,京都府城陽市平川1-4-7,株式会社アイリス,4581985417360598,09/32,423760521696
164,川上 公子,かわかみ きみこ,73,1948-11-10,女,A,kimiko@example.co.jp,03-2352-5218,090-6649-2793,889-3143,宮崎県日南市下方2-1-5,NaN,4948398778760371,05/30,727209712950
165,岩見 有香,いわみ ゆか,26,1996-08-11,女,A,yuka_iwami@example.ne.jp,0653-46-5209,070-5649-6941,170-866,秋田県大館市北神明町2-4-10,株式会社ひかり,4851595496231795,08/31,855139162804
166,粟野 亘,あわの わたる,22,1999-11-08,男,O,awano@example.jp,08-2908-2661,070-1074-3830,475-0941,愛知県半田市滑楚町1-2-21,株式会社レインボー,5299929646042911,12/24,611656033537
167,岩尾 千暁,いわお ちあき,77,1945-05-07,女,A,iwaochiaki@example.co.jp,03-5693-8137,090-3243-5728,747-0833,山口県防府市浜方1-2-5,NaN,4394621434189407,04/26,409181305016
168,小井土 大嗣,こいど だいじ,31,1990-10-06,男,A,daijikoido@example.co.jp,08-9595-5971,080-7095-7485,299-2212,千葉県南房総市井野2-2-26,協和商事株式会社,5464131387125054,10/30,988528084936
169,持田 晋一,もちだ しんいち,68,1954-07-13,その他・不明,A,shin'ichi_mochida@example.jp,03-5505-5663,080-5595-7685,416-0947,静岡県富士市宮下5-2-15,NaN,4068886953837743,05/23,185617985366
170,岡元 知香子,おかもと ちかこ,48,1974-01-08,女,A,okamoto@example.com,06-8050-3401,050-8678-9147,769-0209,香川県綾歌郡宇多津町浜九番丁5-4-2,有限会社フォワード,5553630207232863,10/27,523055905442
171,諸角 恵美子,もろずみ えみこ,23,1998-11-11,女,A,morozumiemiko@example.com,04-6923-7959,050-1811-8425,285-0054,千葉県佐倉市上勝田1-4-12,有限会社トータス,5867672426110897,12/28,864052014171
172,宇留野 由美子,うるの ゆみこ,49,1973-05-04,女,B,yumikouruno@example.co.jp,03-8203-2241,080-9527-2705,470-2334,愛知県知多郡武豊町中根1-5-25,有限会社内田商店,5708328065748113,06/28,323493515053
173,広末 寿恵,ひろすえ ひさえ,23,1998-09-15,女,A,hirosuehisae@example.ne.jp,03-6562-7744,080-4663-2370,942-0089,新潟県上越市大場4-4-24,有限会社ドリーム企画,4459630242030280,03/25,320457713809
174,菅沼 真宏,すがぬま まさひろ,49,1973-02-26,男,AB,suganumamasahiro@example.jp,03-6586-5032,050-6217-4313,515-3139,三重県津市白山町城立2-1-15,株式会社カワイ,5944393513894110,05/26,546293839430
175,三枝 美優,さえぐさ みゆう,61,1961-05-10,女,O,saegusa_miyuu@example.co.jp,05-6985-3627,050-7093-6797,395-0811,長野県飯田市松尾上溝3-3-18,NaN,5089055523542715,02/24,786579397966
176,藤 瞳,ふじ ひとみ,42,1979-10-21,女,O,fuji_hitomi@example.net,0656-89-4588,070-1008-1928,526-0834,滋賀県長浜市大辰巳町5-2-25,株式会社山善,5893534562190072,04/28,371351365030
177,鴨川 俊介,かもがわ しゅんすけ,80,1941-11-13,男,O,shunsuke_kamogawa@example.ne.jp,0643-11-1874,050-5773-7747,664-0013,兵庫県伊丹市瑞穂町5-5-6,NaN,4485610677907740,09/23,387901548050
178,小田切 光太郎,おだぎり みつたろう,77,1944-09-25,男,B,odagiri@example.co.jp,03-4651-6347,070-2323-1744,669-4317,兵庫県丹波市市島町上牧4-2-24,NaN,4108237943703912,12/27,528085132223
179,岸 典正,きし のりまさ,25,1997-02-23,男,AB,norimasa@example.jp,03-7896-4835,080-5808-8981,730-0014,広島県広島市中区上幟町3-1-25,株式会社ネクストイノベーション,4147464013397722,07/29,851154639712
180,河田 春奈,かわた はるな,72,1950-08-11,女,AB,haruna@example.net,0762-79-7125,050-9897-3107,640-8106,和歌山県和歌山市三木町中ノ丁1-4-9,NaN,376190238904551,04/24,270479921743
181,浅田 靖之,あさだ やすゆき,42,1980-06-17,その他・不明,B,asada_yasuyuki@example.co.jp,03-1080-7520,070-5603-1786,939-8004,富山県富山市西公文名3-3-24,有限会社清水商会,4438533149712336,06/26,698188127163
182,荏原 初美,えばら はつみ,31,1991-07-26,女,O,ebara_hatsumi@example.jp,0746-45-7216,080-3249-6833,753-0812,山口県山口市宝町5-2-1,株式会社サンライフ,5059306659709056,07/29,978943130165
183,飛松 一輝,とびまつ かずき,51,1970-12-25,男,O,tobimatsu_kazuki@example.net,0589-85-1595,080-1208-1309,503-0631,岐阜県海津市海津町稲山4-1-4,株式会社ファイブスター,5492427433509711,10/22,465990981262
184,宮野 喜代美,みやの きよみ,24,1998-09-05,女,B,kiyomi@example.net,03-8384-8550,070-1960-4966,919-1556,福井県三方上中郡若狭町玉置2-3-17,有限会社アドバンス,4334940707644217,10/31,507163288321
185,近松 郁,ちかまつ かおる,71,1951-02-15,男,A,kaoru_chikamatsu@example.net,03-5680-8544,090-4018-4262,409-1312,山梨県甲州市勝沼町上岩崎2-2-12,NaN,4805947009602016,06/25,277374789329
186,武井 愛梨,たけい あいり,53,1969-05-03,女,A,takeiairi@example.net,0785-61-6480,070-2097-4832,766-0011,香川県仲多度郡まんのう町公文4-2-26,株式会社トリニティ,376377425612172,10/29,161945662631
187,森山 光子,もりやま ひかるこ,69,1952-09-27,女,AB,hikaruko@example.com,08-6545-7065,090-8345-4425,722-2404,広島県尾道市瀬戸田町垂水2-5-7,NaN,5972255162513607,10/26,761924040185
188,藤 ゆり,ふじ ゆり,42,1980-03-25,女,A,fuji_yuri@example.jp,03-6647-8262,070-3352-7547,992-0011,山形県米沢市中田町5-3-1,アーク株式会社,4673703271324316,08/26,220784304428
189,四ノ宮 寛和,しのみや ひろかず,73,1949-04-12,男,B,shinomiyahirokazu@example.com,03-6079-8756,080-5662-6729,868-0011,熊本県人吉市宝来町1-3-10,NaN,5523637110257427,11/26,955829568221
190,大田 瞳子,おおた とうこ,58,1963-10-05,女,A,touko@example.com,07-3949-3262,090-2875-5239,813-0043,福岡県福岡市東区名島1-4-21,有限会社アシスト,4828956731614571,07/30,395242208406
191,濱村 秀史,はまむら ひでふみ,39,1983-04-23,男,O,hidefumi_hamamura@example.ne.jp,0763-93-7229,050-4237-5193,879-6612,大分県豊後大野市緒方町越生2-1-16,有限会社小林建設,373260009459030,04/27,404652123138
192,矢部 祐太,やべ ゆうた,58,1963-10-30,その他・不明,A,yuuta_yabe@example.ne.jp,0580-52-5876,050-9882-7880,969-4108,福島県喜多方市山都町一ノ木3-4-11,有限会社ランドマーク,4657174853728384,12/23,384483890740
193,安村 怜奈,やすむら れいな,42,1980-06-12,女,AB,yasumura@example.net,06-7889-4383,080-8754-2789,910-3641,福井県福井市平尾町4-3-18,株式会社リバース,4120887892260135,06/23,281565691030
194,澤村 由佳,さわむら ゆか,27,1994-12-28,女,A,yukasawamura@example.co.jp,03-4775-9880,070-3716-3329,984-0833,宮城県仙台市若林区飯田4-4-19,株式会社エスペランサ,374561721970626,05/23,123455814495
195,金城 成美,きんじょう なるみ,63,1959-09-12,女,A,kinjou_narumi@example.net,0566-40-3842,090-9883-2290,894-2323,鹿児島県大島郡瀬戸内町俵5-3-19,NaN,4715564709456056,05/30,820913916188
196,宇佐見 美奈子,うさみ みなこ,46,1976-08-21,その他・不明,B,usami_minako@example.jp,0456-69-4264,070-9062-5580,486-0834,愛知県春日井市王子町5-1-1,株式会社テックス,5683168319808200,05/30,672232738012
197,牧志 隆幸,まきし たかゆき,76,1946-04-27,男,AB,takayuki_makishi@example.net,0577-11-3289,070-3905-9893,380-101,青森県平川市碇ケ関三笠山5-4-29,NaN,4535165908905175,12/26,430565440052
198,中脇 佳奈,なかわき かな,69,1953-01-26,女,O,nakawakikana@example.net,0835-11-2120,070-3500-6522,963-4324,福島県田村市船引町成田4-1-19,NaN,5009150362529445,05/26,358839611587
199,石野 冴子,いしの さえこ,75,1947-07-07,女,B,saekoishino@example.jp,03-3231-3694,080-7359-5343,772-0022,徳島県鳴門市里浦町粟津5-2-11,NaN,5945418058686793,03/26,174188263497
