,氏名,氏名（ひらがな）,年齢,生年月日,性別,血液型,メアド,電話番号,携帯電話番号,郵便番号,住所,会社名,クレジットカード,有効期限,マイナンバー
0,西尾 まみ,にしお まみ,24,1998-05-28,女,AB,mami_nishio@example.net,03-8540-7636,050-7479-4412,930-1366,富山県中新川郡立山町横江野開3-1-12,株式会社高橋工業,5408486258126488,09/31,701247987862
1,猪瀬 英昭,いのせ ひであき,39,1983-07-01,その他・不明,A,hideaki@example.jp,03-2669-1427,050-5287-4751,869-0455,熊本県宇土市椿原町1-1-20,株式会社クエスト,5709210905814349,10/30,169651810184
2,濱川 美帆子,はまかわ みほこ,62,1960-01-11,女,A,mihokohamakawa@example.co.jp,03-1194-4710,070-2384-1784,938-0282,富山県黒部市宇奈月温泉1-2-14,NaN,5581567477444107,02/25,231617939925
3,鈴木 霞,すずき かすみ,43,1978-12-05,女,O,kasumisuzuki@example.jp,0861-72-8202,080-8963-9898,740-027,北海道深川市錦町北1-2-22,有限会社サンユー,379376996593174,04/26,987669362622
4,野口 乃里子,のぐち のりこ,20,2002-02-20,女,AB,noguchinoriko@example.com,0417-53-2038,090-5736-5232,806-0061,福岡県北九州市八幡西区京良城町4-5-17,有限会社ティーアンドエム,4067966082402311,10/28,741644355528
5,高井 清香,たかい さやか,20,2002-03-21,女,A,takai_sayaka@example.jp,08-2740-3730,050-2837-6352,328-0025,栃木県栃木市仲仕上町4-3-18,株式会社タイキ,4639059348867040,02/25,549933087477
6,玉木 喜美子,たまき きみこ,29,1993-04-29,女,A,tamaki_kimiko@example.net,03-2302-6794,080-1533-6065,876-1101,大分県佐伯市狩生4-1-3,株式会社アイ・コーポレーション,5637845685460175,03/24,322411344590
7,福嶋 宏行,ふくしま ひろゆき,21,2001-01-12,その他・不明,A,fukushimahiroyuki@example.ne.jp,0843-32-4038,080-4758-4138,949-8557,新潟県十日町市水沢市之沢2-5-24,有限会社クエスト,5645985471579435,12/27,421140177785
8,園部 友哉,そのべ ともや,20,2002-06-20,男,A,sonobe_tomoya@example.com,0692-99-3666,050-2799-2966,182-404,秋田県山本郡三種町富岡新田2-3-18,有限会社ピュア,4835877860151018,03/32,993478388610
9,内藤 万希子,ないとう まきこ,28,1994-07-20,女,O,naitou@example.jp,04-5368-7365,080-7578-1172,410-2407,静岡県伊豆市柏久保4-5-6,株式会社S,4631367727914824,09/23,501833072257
10,橋本 亜耶,はしもと あや,20,2001-11-28,女,O,aya@example.net,04-8272-1348,050-6469-1169,983-0864,宮城県仙台市宮城野区名掛丁1-5-23,株式会社アンサー,373172522047072,06/24,978186778764
11,持田 奈保子,もちだ なおこ,29,1993-03-21,女,O,naokomochida@example.co.jp,0885-12-1430,070-2045-3214,260-0016,千葉県千葉市中央区栄町3-4-2,株式会社トリム,4356783882938452,08/23,854603030834
12,諸角 静香,もろずみ しずか,20,2002-04-26,女,AB,morozumi_shizuka@example.ne.jp,05-3719-1059,050-1868-9844,927-2153,石川県輪島市門前町深田2-4-27,株式会社メディカルサポート,4406121522556282,03/23,626439421372
13,伊佐 真梨子,いさ まりこ,20,2001-11-23,女,A,isamariko@example.ne.jp,03-3325-9469,080-5847-3204,669-3642,兵庫県丹波市氷上町香良4-1-11,株式会社エーテック,4024936685888776,02/23,469724385933
14,倉田 亜紀子,くらた あきこ,20,2001-12-05,女,O,akikokurata@example.net,0886-27-6042,070-1266-4207,861-1351,熊本県菊池市七城町砂田5-2-9,株式会社エスエス,4216786322350959,01/30,207996459553
15,杉井 瑠璃,すぎい るり,42,1979-09-18,女,A,sugii@example.co.jp,04-3738-3258,080-3173-1022,470-0411,愛知県豊田市木瀬町1-5-6,株式会社コムテック,4861553025598165,12/29,333964463036
16,平良 幸子,たいら さちこ,27,1995-04-14,女,A,tairasachiko@example.co.jp,0795-78-9029,070-9187-4480,337-0022,埼玉県さいたま市見沼区加田屋2-1-15,有限会社富士屋,4009244746202850,07/30,866274414491
17,野見山 貴子,のみやま たかこ,31,1991-01-25,女,O,nomiyama@example.com,0750-45-9671,070-1111-9021,791-0223,愛媛県東温市上林2-5-15,中村工業株式会社,370684566914761,01/25,265384781994
18,本山 輝雄,もとやま てるお,47,1975-06-09,男,O,motoyama@example.com,06-7960-5925,080-2235-2976,929-1637,石川県鹿島郡中能登町曽祢2-2-2,株式会社サンケン,5269691572617867,04/32,209297991103
19,田口 佐和子,たぐち さわこ,40,1981-10-04,女,A,taguchi_sawako@example.net,03-7382-1336,080-4408-7472,299-5222,千葉県勝浦市関谷2-1-8,有限会社たなか,5735925812649989,05/29,640673803480
20,中脇 亜也子,なかわき あやこ,36,1985-11-28,女,A,ayakonakawaki@example.co.jp,0667-49-2114,050-1915-5533,949-3214,新潟県上越市柿崎区馬正面4-5-20,株式会社大黒屋,5091399638854226,01/27,780580134164
21,坂口 智香,さかぐち ともか,44,1978-05-15,女,B,tomokasakaguchi@example.com,03-7876-1989,070-6200-1891,243-0307,神奈川県愛甲郡愛川町半原3-3-18,株式会社マルセイ,5798457517268417,02/23,146960136753
22,北 佐知,きた さち,21,2001-04-28,女,A,sachikita@example.jp,03-3045-7682,050-4037-1628,670-0012,兵庫県姫路市本町3-2-12,有限会社佐々木建設,374562612616817,09/30,672024653219
23,近森 鈴香,ちかもり すずか,68,1953-12-10,女,AB,suzuka@example.com,03-2802-4763,070-5993-1962,381-2354,長野県長野市信更町田沢1-4-16,NaN,4788595120017444,01/29,430361651356
24,金山 優奈,かなやま ゆうな,53,1969-04-28,女,A,yuuna_kanayama@example.com,03-8424-3254,080-9836-5344,759-6532,山口県下関市吉見新町1-4-1,株式会社ゼスト,4484523829881604,11/30,701571124621
25,岩竹 美希,いわたけ みき,20,2002-09-10,女,A,miki@example.net,03-5029-2468,080-8034-6739,861-0522,熊本県山鹿市久原5-2-24,有限会社ステラ,4412244225010265,03/29,750010588935
26,堀越 奈保子,ほりこし なおこ,22,2000-01-23,女,AB,horikoshi_naoko@example.net,0889-63-5032,070-2385-3365,766-0024,香川県仲多度郡まんのう町神野3-2-27,有限会社岡田商事,371711571712899,01/27,692493423399
27,内藤 瑞生,ないとう みずき,75,1946-11-27,女,A,naitou@example.co.jp,0687-98-5500,080-2304-3284,796-8035,愛媛県八幡浜市若山5-4-29,NaN,5227151325319302,01/27,753862874670
28,勝俣 鮎子,かつまた あゆこ,24,1998-04-06,女,B,katsumata_ayuko@example.co.jp,03-5729-3587,090-2920-6406,959-1315,新潟県加茂市天神林5-2-3,有限会社エコテック,4545522224175724,02/30,163432310320
29,竹澤 志津子,たけざわ しづこ,39,1983-01-08,女,O,shizuko_takezawa@example.com,07-5528-3114,090-1184-3489,326-0021,栃木県足利市山川町5-2-24,株式会社高橋建設,4403570836030981,01/31,588335711048
30,樺澤 佐和子,かばさわ さわこ,21,2001-08-27,女,AB,kabasawasawako@example.jp,03-4477-4333,050-5908-1807,299-1162,千葉県君津市南子安3-4-29,株式会社MST,377772979391111,10/24,700339907437
31,里見 遥香,さとみ はるか,20,2002-02-08,女,A,harukasatomi@example.ne.jp,05-9583-6102,070-1033-6098,883-0036,宮崎県日向市南町3-1-19,株式会社Roots,370234183555527,09/28,816423887679
32,牧野 樹里,まきの じゅり,20,2002-01-17,女,AB,makino_juri@example.net,0423-72-9240,070-9007-4052,633-0234,奈良県宇陀市榛原高塚4-3-18,有限会社タケウチ,5092041437417719,04/24,874322935065
33,西里 淳美,にしざと あつみ,36,1985-12-15,女,AB,nishizatoatsumi@example.ne.jp,03-7180-8988,070-5217-8413,647-1702,和歌山県田辺市本宮町大津荷4-1-18,株式会社OWL,5718717512441789,08/28,844514873443
34,高久 さやか,たかく さやか,20,2002-03-01,女,O,sayaka_takaku@example.com,0637-82-2068,080-7264-7733,830-0056,福岡県久留米市本山1-1-15,有限会社清水,5120935716997437,09/25,461520350959
35,西林 美保,にしばやし みほ,30,1992-07-12,その他・不明,O,miho_nishibayashi@example.co.jp,0599-62-9230,070-1965-6642,734-0012,広島県広島市南区元宇品町4-1-8,有限会社フロンティア,4325881109872251,02/26,745242350936
36,玉川 由衣子,たまがわ ゆいこ,31,1991-06-25,女,A,yuiko_tamagawa@example.co.jp,03-4115-4928,080-1554-4909,934-0024,富山県射水市越の潟町4-4-5,株式会社日昇,4381134604739056,09/30,113185566404
37,宮崎 亜紀子,みやざき あきこ,76,1946-05-18,女,B,miyazaki_akiko@example.ne.jp,06-5997-6359,050-3962-2795,438-0082,静岡県磐田市元天神町4-3-6,NaN,5463642666571842,07/30,364695215014
38,梅澤 留衣,うめざわ るい,75,1946-11-20,女,A,umezawa_rui@example.net,03-3054-3150,070-8096-3436,630-8222,奈良県奈良市餅飯殿町3-2-23,NaN,4279159927791849,04/26,425799635986
39,大滝 ひろの,おおたき ひろの,38,1983-10-20,女,A,hirono_ootaki@example.ne.jp,03-6327-6653,050-1752-1919,360-102,青森県平川市光城3-1-2,株式会社グレース,4940629425115372,08/30,841183152466
40,飯野 侑香,いいの ゆうか,21,2001-06-15,女,A,yuuka_iino@example.com,0579-15-4230,050-1631-4931,604-0034,京都府京都市中京区下松屋町5-5-16,有限会社ベスト,5802842399819712,05/29,823364079465
41,溝口 円香,みぞぐち まどか,40,1982-01-08,その他・不明,AB,mizoguchimadoka@example.jp,07-7545-8243,070-9985-8184,287-0048,千葉県香取市西和田3-1-22,株式会社マルセイ,373687525828693,10/25,969917699243
42,杉谷 将英,すぎたに まさひで,61,1961-01-17,その他・不明,A,sugitanimasahide@example.co.jp,0672-87-8188,080-8568-4245,349-1203,埼玉県加須市柏戸2-4-5,NaN,377409020758523,08/24,511969463096
43,鈴田 麻実,すずた あさみ,22,2000-07-21,女,A,asami_suzuta@example.ne.jp,0756-80-6365,080-6897-3230,710-0006,岡山県倉敷市祐安3-4-26,有限会社小林製作所,4323805055322801,06/27,951257493661
44,斎田 雅美,さいだ まさみ,27,1995-01-28,女,O,masami_saida@example.net,08-1981-7381,070-9855-2695,788-349,北海道旭川市東光９条2-1-15,株式会社大新,4149289961631173,08/28,645568771656
45,山森 奈々,やまもり なな,24,1998-05-19,女,O,yamamorinana@example.com,07-4421-6769,070-7457-2445,130-203,秋田県横手市雄物川町東里3-2-25,有限会社清水商店,4058911802391289,05/28,248993420568
46,寺内 春香,てらうち はるか,22,2000-07-03,女,AB,haruka_terauchi@example.ne.jp,03-1971-8756,070-3728-1712,992-0062,山形県米沢市林泉寺3-1-16,有限会社豊和,4169885878379905,07/24,704259587321
47,広末 雅美,ひろすえ まさみ,20,2002-02-14,女,O,masami_hirosue@example.net,03-1687-6920,070-7776-6948,581-0073,大阪府八尾市高町3-2-27,有限会社鈴屋,5664083883107540,09/24,952496693385
48,水原 和枝,みずはら かずえ,54,1968-02-01,女,A,kazue@example.jp,03-5774-9664,070-6108-3943,987-0025,宮城県遠田郡美里町中高城4-1-20,株式会社フリーダム,5234264872048511,09/31,429476816797
49,大城 萌,おおしろ もえ,25,1997-06-14,女,O,moe@example.com,0829-84-3590,070-1589-6159,920-361,北海道網走郡津別町相生2-1-3,山本工業株式会社,5203492318985486,09/29,946579142233
50,橋詰 美佐,はしづめ みさ,20,2002-06-25,女,AB,hashizume@example.co.jp,03-9479-5021,090-9711-9489,853-0611,長崎県五島市三井楽町嵯峨島4-1-4,有限会社山田製作所,5405791127405360,07/25,135452711611
51,沖中 巧,おきなか たくみ,21,2000-12-20,男,A,takumi_okinaka@example.net,08-4196-2585,090-5767-7807,315-0166,茨城県石岡市小山田3-3-14,有限会社菊屋,4754240717647956,03/23,229688488143
52,門脇 菜々子,かどわき ななこ,21,2001-05-10,女,A,nanako_kadowaki@example.co.jp,0765-78-2995,070-3555-6563,187-0022,東京都小平市上水本町1-2-8,株式会社T＆S,5064534509394493,03/27,659358975030
53,猪俣 あやの,いのまた あやの,32,1989-10-05,女,B,ayanoinomata@example.net,03-3237-1665,090-8552-9937,893-874,北海道足寄郡足寄町喜登牛1-1-3,株式会社ライトハウス,5430043432332629,02/30,914176842339
54,鈴木 紀恵,すずき のりえ,20,2001-09-24,女,O,noriesuzuki@example.co.jp,0723-56-6292,070-3134-8337,576-0015,大阪府交野市星田西4-5-22,株式会社エクラ,4869148832282065,03/29,108909054879
55,家田 菜摘,いえだ なつみ,39,1982-09-18,女,AB,natsumi_ieda@example.ne.jp,0434-75-6330,090-3966-1929,492-8122,愛知県稲沢市治郎丸元町3-5-28,株式会社S,370415418826918,10/30,479492866541
56,松倉 さおり,まつくら さおり,34,1988-02-27,女,AB,saori_matsukura@example.ne.jp,05-4547-5986,090-4519-4041,400-0006,山梨県甲府市天神町3-3-20,有限会社ウインズ,5574542430487851,05/27,947250544049
57,分部 聖子,わけべ せいこ,21,2001-01-02,女,O,seiko_wakebe@example.ne.jp,0616-88-6178,090-9475-5505,959-2655,新潟県胎内市本郷5-5-13,株式会社ホンダ,370397299481295,03/29,972990090277
58,立木 百合,たちき ゆり,20,2001-10-26,女,O,yuri_tachiki@example.net,03-1466-2611,090-4679-2444,651-2127,兵庫県神戸市西区玉津町西河原5-5-6,有限会社サカイ,4135816949021138,10/27,425007785895
59,長友 美央,ながとも みお,36,1986-06-03,女,B,mio_nagatomo@example.net,0772-74-9634,090-7114-8216,301-0836,茨城県龍ケ崎市寺後5-4-20,株式会社丸三,4206143918345084,11/31,599361403635
60,下條 律子,しもじょう りつこ,20,2001-11-04,女,O,ritsuko_shimojou@example.net,08-9775-9245,070-1025-7670,431-2205,静岡県浜松市北区引佐町伊平1-4-17,株式会社クリエート,5477135166161732,12/31,121512627057
61,藤岡 美弥子,ふじおか みやこ,21,2001-06-10,女,B,fujioka_miyako@example.net,05-1727-3511,080-9815-5580,391-205,青森県三戸郡階上町晴山沢5-2-19,有限会社創和,374289340777544,10/27,912709594664
62,前野 香苗,まえの かなえ,29,1993-04-01,女,O,maeno_kanae@example.co.jp,0899-56-1109,070-8352-3691,503-1602,岐阜県大垣市上石津町牧田1-2-8,株式会社樹,5504779630283591,12/26,805335023720
63,丹澤 奈美,たんざわ なみ,49,1973-07-26,女,A,nami_tanzawa@example.net,04-4200-9929,090-5180-2351,572-0015,大阪府寝屋川市川勝町4-2-20,株式会社夢工房,377606488589124,09/23,631339288228
64,藤橋 真緒,ふじはし まお,21,2001-03-19,女,A,maofujihashi@example.jp,03-6764-7895,090-8677-9723,408-0003,山梨県北杜市高根町東井出2-2-17,有限会社みどりや,372642038616609,11/24,354457267093
65,小高 充代,おだか みつよ,80,1941-12-19,女,A,odaka_mitsuyo@example.ne.jp,03-2827-2894,090-7970-3715,277-0031,千葉県柏市亀甲台町1-5-19,NaN,4897537733433041,01/27,786864378400
66,寺島 裕香,てらしま ゆか,44,1978-05-19,女,O,yukaterashima@example.jp,03-1516-6038,080-8940-2109,752-0957,山口県下関市長府印内町4-5-7,株式会社ホンダ,377609930750490,12/30,307225026215
67,種村 朋美,たねむら ともみ,20,2002-06-10,女,A,tomomi@example.com,05-1860-1682,080-2579-6269,680-8064,鳥取県鳥取市国府町分上3-2-6,株式会社コニシ,5990655681445146,03/28,127233349672
68,一ノ宮 佑果,いちのみや ゆか,21,2001-06-14,女,O,ichinomiya@example.jp,03-5129-1406,090-1270-8511,729-0414,広島県三原市下北方3-2-27,有限会社新栄商事,5731482512034508,10/28,899035386915
69,浜井 瑠璃,はまい るり,20,2001-10-14,女,A,rurihamai@example.jp,03-8806-1987,080-7306-7687,215-0003,神奈川県川崎市麻生区高石4-3-8,株式会社アテナ,5710268468174508,05/30,235636707495
70,浜野 亜美,はまの あみ,21,2001-03-09,女,O,hamanoami@example.co.jp,08-3751-4920,050-3015-1545,940-0840,新潟県長岡市旭岡2-5-21,有限会社村田商店,4761009471044661,10/22,330703483873
71,八尋 万里絵,やひろ まりえ,21,2001-02-27,女,O,yahiro_marie@example.net,0876-13-6854,070-7097-7886,616-0003,京都府京都市西京区嵐山西一川町4-2-5,株式会社東邦,5685635781284974,07/23,655145875534
72,赤塚 紗織,あかつか さおり,21,2000-11-28,女,AB,saoriakatsuka@example.com,07-2391-1600,050-4187-3003,383-835,青森県南津軽郡藤崎町俵舛2-2-20,有限会社エスト,5510479026660246,09/32,670162072324
73,野坂 千絵,のさか ちえ,62,1959-12-02,女,O,nosaka_chie@example.net,03-6609-9762,090-1274-2368,591-303,北海道苫小牧市拓勇東町3-2-17,NaN,5221517468963477,04/24,191408079225
74,入口 春,いりぐち はる,72,1950-04-27,女,A,iriguchiharu@example.co.jp,03-7404-6374,080-2983-3811,869-0422,熊本県宇土市入地町2-4-19,NaN,4957569474986653,04/25,918697416283
75,紺野 禎子,こんの ていこ,72,1949-11-17,女,O,konnoteiko@example.ne.jp,03-2978-9297,090-8261-8304,949-2304,新潟県上越市中郷区二本木2-5-2,NaN,4106007119231582,04/28,627302291608
76,谷本 佐知,たにもと さち,46,1976-05-30,女,A,tanimoto@example.ne.jp,03-2076-2621,080-2928-2094,938-0825,富山県黒部市尾山4-5-16,株式会社クレッシェンド,4513232573785047,10/22,733567611028
77,友重 歩,ともしげ あゆみ,22,1999-10-07,女,A,tomoshige_ayumi@example.com,04-6705-2069,050-5770-5297,737-2602,広島県呉市川尻町森5-2-12,有限会社小林工務店,5296257731971481,06/26,782102729787
78,林部 江里奈,はやしべ えりな,79,1943-07-24,女,O,erinahayashibe@example.ne.jp,03-9912-4639,080-6349-2505,771-1706,徳島県阿波市阿波町中坪3-2-20,NaN,4515493738387429,09/25,936398482559
79,倉科 久美子,くらしな くみこ,22,2000-03-11,女,A,kumiko@example.co.jp,08-4078-5564,070-6865-5352,372-0013,群馬県伊勢崎市上植木本町1-5-14,株式会社ネットワーク,5380394584593842,02/28,365198871866
80,細井 侑希,ほそい ゆき,20,2002-02-19,女,B,yuki_hosoi@example.jp,0759-59-4616,050-3966-4543,792-0035,愛媛県新居浜市西の土居町2-5-29,株式会社佐藤商事,5246116034865122,09/28,804044382180
81,浜 未来,はま みき,41,1980-12-19,女,A,miki_hama@example.net,03-2821-1746,050-7993-3859,771-4266,徳島県徳島市八多町2-3-16,有限会社オーシャン,378411439835811,12/31,268016598403
82,豊 琴美,ゆたか ことみ,58,1964-04-06,女,O,yutaka_kotomi@example.co.jp,03-7727-9855,080-5530-9117,699-1831,島根県仁多郡奥出雲町中村2-3-20,有限会社サザンクロス,372216300789744,07/32,485383305792
83,藤丸 一美,ふじまる かずみ,27,1995-06-06,女,O,fujimaru_kazumi@example.ne.jp,08-3752-6090,090-7626-2915,998-0815,山形県酒田市小牧2-3-2,株式会社ライフスタイル,4251648159559351,07/30,756048653760
84,小堀 渓,こぼり けい,74,1947-12-07,女,O,kei_kobori@example.com,03-5393-5904,070-6827-3801,272-0833,千葉県市川市東国分1-3-15,NaN,376050134793514,10/27,366500274351
85,高嶋 里英,たかしま りえ,41,1981-02-25,女,O,rietakashima@example.net,03-6058-2186,070-8538-9527,634-0813,奈良県橿原市四条町5-5-5,有限会社プラム,4608261825731968,07/30,193085134877
86,真木 彩夏,まき あやか,36,1986-08-08,女,A,makiayaka@example.co.jp,03-4371-5976,090-4680-1785,523-0837,滋賀県近江八幡市大杉町5-2-1,中央建設株式会社,377720039428526,05/30,111745299492
87,島本 玲,しまもと れい,59,1962-12-26,女,AB,rei_shimamoto@example.ne.jp,03-4108-8412,050-8104-8300,847-0311,佐賀県唐津市鎮西町丸田2-2-8,富士工業株式会社,4596941460886272,04/29,412833483127
88,坂上 千鶴子,さかがみ ちづこ,68,1953-11-05,女,A,chizuko_sakagami@example.jp,03-7661-6980,050-5854-8052,802-335,北海道帯広市広野町4-4-4,NaN,5593041539675314,11/24,821362182712
89,杉田 一代,すぎた かずよ,20,2002-06-19,女,A,kazuyosugita@example.jp,05-1756-1770,090-2335-9892,939-0558,富山県富山市水橋上条新町4-3-22,株式会社飛翔,372679439812355,11/26,435467711978
90,桑野 ゆり,くわの ゆり,20,2002-01-27,女,A,yurikuwano@example.co.jp,03-4483-3361,090-5367-7894,475-0941,愛知県半田市滑楚町5-3-24,有限会社シミズ,5874212837310204,03/25,181973475268
91,真山 美由紀,まやま みゆき,36,1986-07-04,女,A,miyukimayama@example.net,0715-60-7351,080-1690-3952,402-0223,山梨県南都留郡道志村上善之木3-1-16,有限会社島田商店,5840296465705333,06/31,128039826571
92,水崎 愛華,みずさき あいか,77,1945-01-05,女,O,mizusaki@example.ne.jp,0874-66-4775,090-9176-8989,518-0858,三重県伊賀市上野紺屋町1-4-11,NaN,5312750203585814,10/31,638103587313
93,吉越 友見,よしこし ゆみ,20,2002-05-21,女,AB,yumi_yoshikoshi@example.com,03-2163-4023,090-1871-8243,761-1405,香川県高松市香南町池内4-2-27,株式会社中村建設,4044861144755429,08/24,227291285557
94,北 つぐみ,きた つぐみ,21,2001-05-25,女,A,kita_tsugumi@example.co.jp,08-8714-7928,070-3633-3339,509-3207,岐阜県高山市久々野町辻2-5-4,株式会社加藤組,5788587073015452,07/30,174396954096
95,荒井 真知子,あらい まちこ,74,1948-06-16,女,A,arai@example.com,0450-97-3482,080-6935-7330,321-0522,栃木県那須烏山市大金5-3-16,NaN,377112612639712,07/31,275267071430
96,今関 愛実,いまぜき まなみ,76,1946-06-26,女,B,imazekimanami@example.com,07-2636-1031,080-3119-9815,849-1103,佐賀県杵島郡白石町築切2-3-27,NaN,4601681047449449,01/23,756381973051
97,谷川 真那,たにがわ まなみ,21,2000-11-12,女,B,manamitanigawa@example.ne.jp,03-7017-9857,090-8516-8575,519-2188,三重県多気郡多気町牧5-2-24,有限会社ササキ,374292007281738,08/23,520731762554
98,河本 晴美,かわもと はるみ,79,1943-03-07,女,O,harumikawamoto@example.co.jp,03-9548-9359,070-8897-3990,601-1353,京都府京都市伏見区醍醐御園尾町5-3-24,NaN,4595283865176165,02/26,944357105660
99,淺田 泰平,あさだ やすひら,21,2000-12-24,男,AB,asadayasuhira@example.co.jp,03-4554-5661,070-7109-3866,905-0413,沖縄県国頭郡今帰仁村呉我山5-2-9,有限会社アウル,4612121786368898,06/31,138535212424
100,森居 志帆,もりい しほ,20,2002-02-05,女,A,morii@example.net,08-3437-4709,050-4573-2921,503-0413,岐阜県海津市南濃町羽沢4-5-2,株式会社トキワ,4580359491548559,07/32,312675737286
101,矢追 笙子,やおい しょうこ,23,1998-12-04,女,A,shouko@example.co.jp,05-4849-9483,070-4862-1757,779-3117,徳島県徳島市国府町日開4-3-7,有限会社田中商店,4646378481339606,07/25,235338520694
102,宮原 愛加,みやはら あいか,78,1943-12-11,女,A,miyahara@example.jp,0579-51-2432,080-1164-6293,879-0162,大分県宇佐市中敷田2-5-29,NaN,4949623409617527,11/26,788484086652
103,末廣 千香,すえひろ ちか,33,1989-06-07,女,A,chika_suehiro@example.co.jp,0515-73-4787,080-3422-9521,511-0804,三重県桑名市北川原台5-4-18,株式会社サクラ,4675743109474842,11/25,320579592898
104,冨田 瀬奈,とみた せな,20,2001-09-30,女,A,senatomita@example.ne.jp,08-3327-8724,080-2576-1501,730-0029,広島県広島市中区三川町2-2-8,有限会社真和,5469124607606100,03/26,605284956319
105,今田 由妃,いまだ ゆき,24,1998-05-24,女,O,imada@example.com,0859-31-6863,070-5775-5466,344-0127,埼玉県春日部市水角2-2-28,株式会社ヤマシタ,5117604514896242,07/26,328953161136
106,吉越 留美子,よしこし るみこ,54,1968-02-26,女,A,yoshikoshi_rumiko@example.co.jp,04-4180-8198,070-4439-4083,399-5503,長野県木曽郡大桑村長野4-2-8,有限会社大幸,377289085282927,11/27,837641429594
107,堀内 雅子,ほりうち まさこ,32,1990-07-27,女,A,horiuchi_masako@example.co.jp,05-1227-3634,080-2174-6416,421-2213,静岡県静岡市葵区長妻田2-5-24,株式会社ジェイズ,4346403176651274,04/30,170490558196
108,立谷 あみ,たちや あみ,79,1943-07-07,女,O,tachiyaami@example.net,03-3882-8994,050-3957-2176,959-1346,新潟県加茂市下高柳5-3-24,NaN,5051665364373772,09/26,805919666109
109,鉄本 義範,てつもと よしのり,20,2001-11-01,その他・不明,B,tetsumoto_yoshinori@example.jp,06-9326-3526,090-6307-1735,939-0153,富山県高岡市福岡町花尾3-1-21,株式会社COLORS,379970780187649,04/27,387688884461
110,甘利 いづみ,あまり いづみ,28,1993-11-14,女,A,amari@example.net,03-5708-5370,070-9266-9672,989-4514,宮城県栗原市瀬峰桃生田前5-4-11,有限会社三和,5045719571146755,02/32,897158789189
111,見田 彩美,みた あやみ,22,2000-02-20,女,A,ayamimita@example.co.jp,0430-90-9187,080-3595-6343,300-2344,茨城県つくばみらい市長渡呂新田4-4-9,有限会社林工務店,5678860361599493,04/29,530644003625
112,竹下 友実,たけした ともみ,40,1981-10-10,女,A,tomomi@example.com,0415-65-9391,090-3037-9989,930-002,北海道網走市南二条東5-2-5,有限会社清水商会,5911906275111875,07/24,735183083812
113,福元 保子,ふくもと やすこ,74,1948-02-02,女,O,yasuko@example.com,0723-76-6710,080-3555-8077,393-177,青森県上北郡野辺地町柴崎5-1-26,NaN,371951743728873,06/28,674154581793
114,中井 晴美,なかい はるみ,35,1987-02-26,女,AB,harumi_nakai@example.net,04-5778-8778,080-4238-8833,607-8082,京都府京都市山科区竹鼻扇町5-4-27,有限会社アスカ,5751372938660778,01/28,468792789878
115,仲宗根 由実子,なかそね ゆみこ,21,2001-03-24,女,O,nakasone_yumiko@example.net,0465-55-2887,090-5010-6592,452-0947,愛知県清須市花水木2-2-20,株式会社光洋,4250513225134017,06/32,654678690351
116,重冨 依里,しげとみ えり,55,1967-08-28,女,O,erishigetomi@example.com,06-7278-3194,090-3490-3358,987-0302,宮城県登米市米山町櫓場5-2-15,ワイズ株式会社,4204310283271378,03/29,854552888486
117,岩本 貴代,いわもと きよ,20,2002-05-06,女,O,kiyo_iwamoto@example.net,05-2294-2630,070-4168-5190,700-0866,岡山県岡山市北区岡南町5-4-5,株式会社寿,5136257721089535,10/31,470953508922
118,丹治 富子,たんじ とみこ,78,1943-09-25,女,AB,tanji_tomiko@example.com,0757-94-3279,080-7057-3741,620-0882,京都府福知山市東堀4-2-8,NaN,5962590242470861,08/32,284125997623
119,勝又 由依,かつまた ゆい,25,1997-09-01,女,AB,yuikatsumata@example.co.jp,0471-96-9447,080-6702-7974,969-3532,福島県喜多方市塩川町高道1-3-15,株式会社ミヤマ,5069006067073940,06/28,747183389686
120,東浦 美加,ひがしうら みか,25,1997-07-19,女,B,higashiura_mika@example.jp,03-9799-7006,070-7713-8652,505-0031,岐阜県美濃加茂市新池町5-2-20,株式会社令和,4199939139713144,02/31,153568332180
121,丸尾 美佳子,まるお みかこ,20,2002-01-03,女,AB,maruo@example.com,03-6588-9737,080-4118-9978,607-8328,京都府京都市山科区川田南山4-2-16,有限会社オオタ,4518976371900080,05/30,176754389178
122,岩屋 雅子,いわや まさこ,33,1989-02-15,女,AB,masakoiwaya@example.co.jp,0559-21-6337,090-4602-9583,392-731,青森県上北郡七戸町後平1-1-21,株式会社ワーク,4211933668112209,08/31,979474482714
123,重田 麻那,しげた まな,44,1978-05-27,女,O,shigeta@example.ne.jp,06-6378-1326,090-9125-3362,653-0813,兵庫県神戸市長田区宮川町5-5-2,有限会社アズマ,4262992601411973,11/26,418923881834
124,藤崎 広子,ふじさき ひろこ,23,1999-09-12,女,A,hiroko@example.net,03-8182-8640,080-9429-5370,489-0006,愛知県瀬戸市三沢町5-5-3,株式会社JIN,5542260358785518,01/24,410468032032
125,園部 絢美,そのべ あやみ,38,1984-05-28,女,A,sonobe@example.ne.jp,06-2840-9689,050-6305-7989,590-0450,大阪府泉南郡熊取町大宮4-1-12,株式会社リベロ,5701845960330262,09/31,763707052294
126,山田 朱美,やまだ あけみ,20,2002-06-17,女,A,yamadaakemi@example.co.jp,0552-12-7952,080-3957-1782,838-0126,福岡県小郡市二森5-1-29,株式会社三幸,372760910406663,08/30,987283408916
127,後田 和巳,うしろだ かずみ,22,2000-05-09,その他・不明,O,ushirodakazumi@example.co.jp,03-7676-3633,090-1915-1563,631-0836,奈良県奈良市西大寺竜王町4-4-4,株式会社レジェンド,4824192356768638,09/29,587160702850
128,會澤 麻莉子,あいざわ まりこ,20,2002-04-15,女,AB,aizawa_mariko@example.com,05-8462-4869,070-7583-7880,701-1353,岡山県岡山市北区三手5-2-14,有限会社伊藤商会,5051467286393826,07/27,259064043974
129,川添 里枝子,かわぞえ りえこ,72,1950-02-09,女,O,kawazoerieko@example.jp,03-6794-8049,050-9601-4817,606-8291,京都府京都市左京区北白川岩坂町1-4-20,NaN,5522324054511650,11/30,619196594543
130,川元 桜子,かわもと さくらこ,21,2001-05-01,女,A,sakurako_kawamoto@example.ne.jp,06-4297-6174,070-5761-7888,287-541,岩手県八幡平市寺志田5-2-19,日東商事株式会社,5798189010223678,06/27,426028808847
131,谷川 まゆみ,たにがわ まゆみ,45,1977-05-18,女,B,tanigawa_mayumi@example.co.jp,0843-81-2622,090-2665-1459,516-0115,三重県度会郡南伊勢町押渕5-2-29,有限会社小林商事,379665724225798,01/32,407829706071
132,秋田 真貴子,あきた まきこ,21,2000-10-02,女,B,makiko_akita@example.jp,03-2276-2195,050-6554-8687,969-3103,福島県耶麻郡猪苗代町諏訪西1-1-22,有限会社鈴木商店,4635097072050818,11/29,960395705832
133,寺嶋 歩,てらしま あゆみ,27,1995-07-10,女,O,ayumi@example.co.jp,0640-44-7078,050-4348-1174,802-105,北海道帯広市太平町5-5-10,株式会社パートナーズ,4640760582248318,05/30,766036166827
134,安里 茉莉子,あさと まりこ,20,2002-01-28,女,AB,mariko_asato@example.jp,0767-53-3652,070-3661-4406,859-2306,長崎県南島原市北有馬町己2-4-10,株式会社SKコーポレーション,5969308678804313,10/25,926618310701
135,鍛治 弘恵,かじ ひろえ,20,2002-05-24,女,A,hiroe_kaji@example.jp,03-8149-8387,050-8221-8507,791-573,北海道富良野市山部西２６線2-5-19,株式会社ジーク,4075316385893411,06/25,156351317137
136,車田 芽美,くるまだ めぐみ,27,1995-02-14,女,O,megumi@example.jp,0510-37-5323,050-4943-8152,441-0312,愛知県豊川市御津町西方井領田3-2-3,株式会社サトウ,4484701127882801,11/27,762769422622
137,飯尾 聡美,いいお さとみ,20,2002-05-13,女,O,iio@example.ne.jp,03-9808-6370,050-3131-8890,965-0863,福島県会津若松市湯川町5-3-16,株式会社ファーストステップ,4715060498253599,04/27,215245143952
138,野澤 加奈,のざわ かな,31,1990-11-15,女,A,kana@example.net,05-5264-7320,050-6968-1364,873-0012,大分県杵築市中4-1-28,株式会社プロフィット,4745056779331923,01/28,447255773515
139,原口 旬子,はらぐち じゅんこ,20,2002-08-18,女,AB,haraguchi@example.jp,0439-19-4683,050-1639-8617,649-7101,和歌山県伊都郡かつらぎ町東谷3-2-12,有限会社グリーン企画,5875808182854046,12/23,804831724385
140,片桐 由季子,かたぎり ゆきこ,46,1976-05-24,女,AB,yukiko@example.net,03-4693-1343,080-2032-4476,708-67,北海道札幌市東区伏古七条1-4-24,株式会社MTS,5834967757011348,04/31,884156855684
141,淺田 ゆき,あさだ ゆき,43,1979-03-06,女,B,yukiasada@example.net,0839-33-1910,070-2840-4952,892-634,北海道広尾郡広尾町フンベ5-2-12,株式会社セイケン,4394133496582179,03/28,341189252666
142,本郷 真里,ほんごう まり,20,2001-12-15,女,B,hongou_mari@example.co.jp,0783-85-2541,050-4517-6502,604-8414,京都府京都市中京区西ノ京小倉町4-5-21,株式会社新星,5130036818463000,08/23,128861647769
143,赤坂 真史,あかさか まさし,32,1989-12-24,男,A,masashi@example.jp,03-7290-5902,070-7650-9997,960-0425,福島県伊達市姥川2-1-2,株式会社西村,4017294035232754,07/31,998367647850
144,槇野 織江,まきの おりえ,20,2002-06-07,女,A,makino@example.ne.jp,06-6778-1227,080-1344-2882,501-6264,岐阜県羽島市小熊町島1-2-21,有限会社ステップワン,5782287022449681,04/31,800273377187
145,松永 康嗣,まつなが こうじ,33,1989-01-21,男,AB,kouji@example.jp,05-6512-9351,050-7499-4197,619-0236,京都府相楽郡精華町植田2-5-22,株式会社サンクス,5143165991853270,05/29,357616816916
146,早川 さやか,はやかわ さやか,28,1993-10-19,女,O,sayaka_hayakawa@example.net,07-3210-4404,080-3886-4485,370-523,青森県北津軽郡中泊町小泊稲荷3-5-14,加藤建設株式会社,5414725816167264,08/26,733876094354
147,稲葉 亜沙美,いなば あさみ,20,2002-02-01,女,O,inaba_asami@example.net,0833-71-3853,050-6989-1707,465-0077,愛知県名古屋市名東区植園町5-4-14,有限会社井上建設,5630206895557698,02/27,628515397220
148,田北 暁美,たきた さとみ,27,1994-11-13,女,A,takita@example.net,03-6211-1897,050-2972-4655,880-0036,宮崎県宮崎市花ケ島町2-3-1,株式会社つなぐ,379198952279846,12/24,791923551376
149,大坪 由子,おおつぼ ゆうこ,58,1963-11-05,女,AB,ootsubo@example.co.jp,0527-50-4880,080-1867-4341,988-0037,宮城県気仙沼市魚市場前5-3-18,有限会社光商事,5685661713423290,02/29,611868027995
150,泉 亜紀,いずみ あき,25,1997-07-12,女,A,izumi_aki@example.jp,03-7479-5641,050-3403-3552,120-056,秋田県湯沢市藤花5-4-27,有限会社藤井商店,5297635336142875,03/23,290092666193
151,橋 敦,はし あつし,24,1998-01-06,男,B,atsushi@example.co.jp,05-2029-3342,080-3855-9409,410-3211,静岡県伊豆市松ケ瀬5-3-28,有限会社エバーグリーン,4854535000368143,12/25,748825262258
152,菅沼 響子,すがぬま きょうこ,73,1949-03-21,女,A,suganuma_kyouko@example.jp,03-3366-2462,070-3807-2179,669-1337,兵庫県三田市学園1-5-7,NaN,370842297170681,09/31,197896069789
153,関本 理香,せきもと りか,71,1950-10-09,女,A,rika@example.ne.jp,0525-76-3135,090-9595-2015,800-0011,福岡県北九州市門司区奥田4-1-16,NaN,4958527305301922,04/29,898079417709
154,平沢 吉之,ひらさわ よしゆき,55,1967-01-21,男,A,hirasawa_yoshiyuki@example.com,06-3432-2551,090-6959-2241,299-4112,千葉県茂原市西野2-2-13,株式会社フレンド,4460826115288869,11/30,774246586378
155,真鍋 瑞枝,まなべ みずえ,25,1996-10-04,女,O,mizuemanabe@example.net,0523-13-2554,070-8360-6733,489-0065,愛知県瀬戸市西追分町2-5-20,株式会社トータルサポート,4972616658566910,02/30,121541304083
156,波部 りん,はべ りん,36,1985-12-22,女,A,habe@example.net,03-7912-9830,090-2300-3063,381-2401,長野県長野市信州新町越道5-3-11,株式会社フォーサイト,379420495441249,09/29,788963182304
157,鳴海 さきこ,なるみ さきこ,20,2001-11-10,女,A,sakiko@example.com,0481-50-1295,090-8097-2940,272-0003,千葉県市川市東浜3-4-5,有限会社佐藤商事,4199108368508882,08/24,180580479090
158,木下 冬美,きのした ふゆみ,20,2002-01-25,女,AB,fuyumi@example.ne.jp,0571-82-2166,090-5081-8419,639-2246,奈良県御所市原谷4-3-20,株式会社夢,376752829268999,08/30,667646380530
159,真木 祥江,まき よしえ,50,1972-05-26,女,O,maki_yoshie@example.co.jp,05-3503-4922,070-3500-3747,603-8377,京都府京都市北区衣笠西御所ノ内町2-1-20,有限会社フォレスト,5729945681848662,06/31,564288041801
160,斉木 弘孝,さいき ひろたか,24,1998-01-10,男,O,hirotaka_saiki@example.com,03-8018-7162,080-1000-5924,601-1437,京都府京都市伏見区石田森西5-2-21,株式会社いずみ,5850390515203741,07/31,401065896100
161,野村 佳恵,のむら よしえ,47,1975-04-07,女,O,nomurayoshie@example.jp,0698-24-3618,070-8516-3312,604-0001,京都府京都市中京区道場町4-5-26,有限会社秀和,5156676995558253,08/27,385009011739
162,杉尾 彩佳,すぎお あやか,57,1965-02-03,女,O,ayakasugio@example.ne.jp,0573-10-3609,090-6417-2429,799-3121,愛媛県伊予市稲荷2-5-21,有限会社第一商事,5768900465301313,06/32,455936456788
163,西原 雅子,にしはら まさこ,68,1953-10-01,女,A,nishiharamasako@example.net,03-8469-9329,070-5565-1963,699-1831,島根県仁多郡奥出雲町中村2-4-24,NaN,5214060145204069,09/29,571391908301
164,霜越 里枝子,しもこし りえこ,74,1947-10-05,女,A,shimokoshirieko@example.net,03-2308-6298,090-9312-4376,685-0104,島根県隠岐郡隠岐の島町都万2-4-21,NaN,5763757322916441,04/31,500194379167
165,水元 りお,みずもと りお,79,1942-12-29,その他・不明,A,mizumoto_rio@example.co.jp,0552-93-1611,050-5754-1949,615-0916,京都府京都市右京区梅津中村町3-2-26,NaN,5494329725400836,04/26,398839280476
166,荏原 はるか,えばら はるか,56,1966-07-13,女,O,ebara_haruka@example.net,06-1389-6108,070-9354-9840,880-311,北海道白糠郡白糠町西一条南3-4-10,株式会社OWL,5143796074845952,01/24,388752202264
167,伊達 鮎子,だて あゆこ,65,1957-01-06,女,AB,ayukodate@example.com,03-9559-2778,080-9930-8632,668-0254,兵庫県豊岡市出石町中村2-5-3,NaN,372838535333039,10/22,273606473753
168,都丸 伊津子,とまる いつこ,21,2001-07-13,女,AB,tomaru@example.com,03-6699-7873,050-8726-4037,979-1502,福島県双葉郡浪江町藤橋1-5-4,株式会社サンプラス,4548920463226445,08/30,356796438238
169,五味 麻梨,ごみ まり,23,1998-10-26,女,AB,marigomi@example.co.jp,0483-55-7813,050-5453-6750,391-563,青森県三戸郡五戸町毛無森3-2-17,株式会社アーム,5179705620757764,01/27,877835007286
170,天野 珠美,あまの たまみ,20,2002-04-10,女,A,amano@example.net,04-2373-2602,050-9223-4031,511-0912,三重県桑名市星見ケ丘1-4-28,有限会社山本商店,5007415869696374,01/26,267200275980
171,小西 里美,こにし さとみ,71,1950-12-30,女,A,konishisatomi@example.jp,03-7737-2675,070-4686-5439,281-343,岩手県下閉伊郡山田町境田町4-5-20,NaN,376029918733903,06/28,572327135956
172,富田 由香理,とみた ゆかり,47,1974-09-27,女,B,tomitayukari@example.net,03-2160-5602,050-2416-7386,500-8134,岐阜県岐阜市岩栄町3-2-25,株式会社アドニス,4867769603100531,05/29,798364703233
173,佐藤 亜紀子,さとう あきこ,26,1996-05-22,女,AB,satou_akiko@example.co.jp,07-9356-6222,090-3272-8694,955-0845,新潟県三条市西本成寺4-2-5,株式会社ビクトリー,5398136645816406,04/23,393857726497
174,関田 静香,せきた しずか,28,1994-05-13,女,A,shizukasekita@example.co.jp,03-8463-9565,080-1604-9819,939-2337,富山県富山市八尾町梅苑町1-3-9,株式会社ムラタ,4367042028934153,02/26,890548558390
175,三谷 和歌子,みたに わかこ,61,1961-09-11,女,AB,mitani_wakako@example.ne.jp,0678-67-8725,070-8309-5665,758-0042,山口県萩市御許町1-3-27,NaN,374102007080753,12/31,966415327906
176,美馬 充紀,みま あつき,21,2001-02-06,女,A,atsuki@example.jp,03-1735-9022,080-7541-6948,717-0101,岡山県真庭市鉄山2-3-12,株式会社アレックス,5873788351111590,08/27,281938016003
177,岩切 由紀,いわきり ゆき,20,2001-10-22,女,AB,iwakiri_yuki@example.jp,03-6136-6119,070-7874-1590,869-2307,熊本県阿蘇市小里3-5-7,有限会社三愛,5100677558930458,11/27,737546090543
178,小島 ゆり,こじま ゆり,40,1982-05-04,女,A,kojimayuri@example.co.jp,0832-30-1139,050-7557-4121,720-2522,広島県福山市駅家町服部永谷4-5-29,有限会社リンク,379345669332156,07/24,782714604638
179,西澤 麻子,にしざわ あさこ,38,1984-07-23,女,A,asako_nishizawa@example.co.jp,04-6004-4643,050-9308-3991,944-0001,新潟県妙高市上百々2-2-1,有限会社中村屋,4344456584076798,12/31,639841421285
180,久津間 智春,くつま ちはる,79,1943-04-20,その他・不明,AB,chiharukutsuma@example.ne.jp,0864-25-3360,090-1533-8097,640-8435,和歌山県和歌山市古屋4-2-26,NaN,4276141614687737,09/31,221255873308
181,柏木 瑠璃,かしわぎ るり,59,1963-06-03,女,B,kashiwagi_ruri@example.net,06-7520-3293,080-2078-9022,784-0054,高知県安芸市栃ノ木5-4-1,株式会社飛翔,4793890558180009,02/27,983027444013
182,米原 美里,よねはら みさ,73,1948-12-18,女,A,misa_yonehara@example.co.jp,03-2027-7118,050-8484-1046,701-4233,岡山県瀬戸内市邑久町向山5-5-13,NaN,4197353563393838,02/32,838426315941
183,西村 祐司,にしむら ゆうじ,80,1941-11-26,男,B,nishimura@example.net,04-7617-9226,050-3279-9039,679-4138,兵庫県たつの市誉田町下沖3-3-22,NaN,4329026923492866,06/30,708731955130
184,増井 久代,ますい ひさよ,22,2000-09-01,女,AB,masui_hisayo@example.com,03-7305-6650,090-8392-1643,729-2253,広島県三原市幸崎渡瀬3-4-15,株式会社アサノ,4504481102358652,12/24,862254263518
185,古藤 典子,ことう のりこ,20,2002-09-12,女,O,noriko@example.com,0670-17-2387,090-9651-8768,799-0126,愛媛県四国中央市下川町5-2-27,有限会社アドヴァンス,5222785921328958,01/32,473982888462
186,瀬崎 理絵,せざき りえ,44,1977-09-17,女,O,rie@example.co.jp,05-5493-8399,090-4808-9860,969-3101,福島県耶麻郡猪苗代町欠上り2-4-16,東和工業株式会社,5205149193728246,01/31,622654443855
187,芝田 清,しばた きよし,23,1999-02-07,その他・不明,A,shibata_kiyoshi@example.ne.jp,06-5971-7615,070-1722-5117,577-0834,大阪府東大阪市柏田本町1-3-19,株式会社アスカ,4999420738248555,01/23,297871444675
188,武井 康代,たけい やすよ,28,1994-03-17,女,A,takei@example.co.jp,0646-61-1188,050-8834-3802,691-321,北海道夕張郡長沼町馬追4-1-25,有限会社佐藤商会,376953733255373,01/25,751959854193
189,川村 さや香,かわむら さやか,22,2000-01-10,女,O,kawamura@example.com,0445-15-4369,070-4349-3089,640-0332,和歌山県和歌山市冬野3-3-4,有限会社加藤商店,4812891561022493,12/22,748648622360
190,光井 美和,みつい みわ,20,2001-12-17,女,AB,miwamitsui@example.com,0464-13-8291,070-2598-5062,959-1963,新潟県阿賀野市南沖山1-5-18,株式会社サンユウ,375725349006952,06/27,827363981508
191,大西 文枝,おおにし ふみえ,65,1957-05-26,女,B,oonishi_fumie@example.jp,0641-66-2373,050-1072-8943,400-0046,山梨県甲府市下石田2-3-3,NaN,5821545776990369,06/26,696270263107
192,近藤 由加里,こんどう ゆかり,80,1942-03-01,女,O,kondou@example.co.jp,07-2235-6270,090-3008-4941,528-0048,滋賀県甲賀市水口町高山2-3-11,NaN,4254837195267534,06/26,374640039537
193,坪谷 玲美,つぼや なるみ,53,1969-07-21,女,AB,tsuboya@example.ne.jp,05-1457-4841,050-6375-8039,783-0068,高知県南国市才谷5-1-6,有限会社リンクス,5843329811751618,04/29,946016281295
194,田村 美央,たむら みお,22,2000-08-15,女,AB,mio_tamura@example.co.jp,03-8073-5882,050-9116-2397,996-415,北海道紋別郡湧別町川西4-3-4,株式会社エース,5214444120290762,03/28,763233390703
195,上条 由衣子,かみじょう ゆいこ,20,2002-01-25,女,O,yuiko_kamijou@example.net,03-1934-7627,050-6171-8817,675-1354,兵庫県小野市河合西町2-4-12,株式会社フリースタイル,5926465492511322,03/32,532426612597
196,井口 慶美,いぐち よしみ,21,2001-03-28,女,O,yoshimiiguchi@example.com,06-2394-9816,080-2910-7125,428-0019,静岡県島田市志戸呂4-2-28,株式会社ビーンズ,4016485003891856,12/28,424085883204
197,日比 千津,ひび ちづ,65,1957-01-29,女,O,hibi_chizu@example.co.jp,08-7562-7144,070-2836-7919,890-578,北海道中川郡幕別町中稲志別3-3-3,NaN,4372830079472955,03/23,732973797406
198,堀尾 よしみ,ほりお よしみ,42,1980-06-02,女,O,horio_yoshimi@example.jp,0872-61-6192,090-7056-6630,491-0066,愛知県一宮市三丹町2-5-2,有限会社アステック,4929394456755538,07/29,208485454686
199,高島 迪子,たかしま みちこ,20,2001-10-30,女,A,michiko_takashima@example.ne.jp,03-3763-1455,090-1887-8707,523-0846,滋賀県近江八幡市博労町上2-5-9,株式会社ドリームファクトリー,5619541918102061,12/30,823500914942
