会員番号[Type=String;Encrypt=True;Join=True],氏名[Type=String;Encrypt=True;Join=False],氏名（ひらがな）[Type=String;Encrypt=True;Join=False],生年月日[Type=String;Encrypt=True;Join=False],エリアコード[Type=String;Encrypt=False;Join=False],郵便番号[Type=String;Encrypt=True;Join=False],住所[Type=String;Encrypt=True;Join=False],年齢[Type=Int;Encrypt=True;Join=False],年代[Type=String;Encrypt=False;Join=False],性別[Type=String;Encrypt=True;Join=False],メールアドレス[Type=String;Encrypt=True;Join=False],携帯電話番号[Type=String;Encrypt=True;Join=False],電話番号[Type=String;Encrypt=True;Join=False],クレジットカード[Type=String;Encrypt=True;Join=False],有効期限[Type=String;Encrypt=True;Join=False]
818586110021,北林 なつみ,きたばやし なつみ,1966-10-30,285,285-0817,千葉県佐倉市大崎台5-2-4,55,NaN,女,natsumikitabayashi@example.jp,090-3770-3268,03-1149-2799,4004899979790103,10/29
399223882816,奈須 紘,なす こう,2011-07-16,818,818-0024,福岡県筑紫野市原田1-4-5,11,NaN,男,nasukou@example.ne.jp,090-2963-5311,0560-76-5064,5270805942730303,09/28
334055107037,倉田 正子,くらた まさこ,1980-07-20,373,373-0011,群馬県太田市只上町3-1-22,42,NaN,その他・不明,masako_kurata@example.jp,090-6257-6490,08-4300-6343,5937915608608659,02/27
462026091863,浜地 昇太,はまち しょうた,2000-04-18,744,744-0274,山口県下松市温見1-4-26,22,NaN,男,hamachi@example.jp,050-5761-3378,08-7120-5417,5936190589810530,11/29
764094698282,宇土 梨紗,うと りさ,2019-10-05,930,930-0054,富山県富山市南新町4-2-13,3,NaN,女,uto@example.com,070-5793-9965,05-5833-3246,4260913466950215,12/23
106130148660,宇留野 由香,うるの ゆか,1939-05-25,853,853-0017,長崎県五島市武家屋敷3-3-23,83,NaN,女,yuka_uruno@example.jp,090-3047-8589,0740-64-6705,5885102777333312,09/29
801864855837,山路 沙恵,やまじ さえ,1953-09-01,200,200-883,岩手県盛岡市志家町5-2-2,69,NaN,女,yamajisae@example.net,070-8659-6966,08-3162-6844,371214046034310,11/24
126722544796,田口 省二,たぐち せいじ,1957-11-20,919,919-1545,福井県三方上中郡若狭町日笠3-1-25,64,NaN,男,taguchi@example.ne.jp,090-3815-2117,06-5118-9936,4125734181224661,08/31
855197796053,中本 好司,なかもと こうじ,2015-09-17,382,382-0816,長野県上高井郡高山村山田温泉5-1-3,7,NaN,男,nakamotokouji@example.co.jp,070-5784-4207,07-3544-3673,4334666899796839,04/26
449212340292,満尾 友里恵,みつお ゆりえ,1968-01-01,629,629-3423,京都府京丹後市久美浜町大向1-5-2,54,NaN,女,yurie_mitsuo@example.jp,080-7106-6648,03-7558-6400,5766159699469051,03/30
358766188087,堀越 さおり,ほりこし さおり,2014-06-22,113,113-0022,東京都文京区千駄木4-3-28,8,NaN,女,saorihorikoshi@example.ne.jp,090-3824-8618,0455-91-7277,5112245833207446,07/24
948297264270,田島 友貴,たじま ゆき,1927-07-14,679,679-2112,兵庫県姫路市山田町北山田3-4-21,95,NaN,男,yuki_tajima@example.co.jp,090-8187-5215,0678-47-2540,5798944378374570,08/25
799401605714,坂入 光彦,さかいり みつひこ,1932-11-23,152,152-0021,東京都目黒区東が丘3-2-21,89,NaN,男,mitsuhikosakairi@example.co.jp,070-4376-2904,03-1292-5468,376965391634637,05/30
568298423075,細野 勇太,ほその ゆうた,1927-08-18,410,410-1117,静岡県裾野市石脇2-4-11,95,NaN,男,hosono_yuuta@example.com,070-5843-4171,07-2092-4975,4189810398538001,01/27
478910044298,水本 孝行,みずもと たかゆき,1987-08-08,270,270-1348,千葉県印西市戸神1-1-23,35,NaN,男,takayukimizumoto@example.com,070-3188-3197,05-5650-6851,5468540654071016,07/29
616202726897,植村 勝正,うえむら かつまさ,1962-04-08,720,720-0073,広島県福山市北吉津町4-3-23,60,NaN,男,katsumasauemura@example.jp,050-2309-2036,03-8921-1064,5904872483530024,09/31
827137452057,斉木 久徳,さいき ひさのり,1975-06-30,999,999-6402,山形県最上郡戸沢村蔵岡5-5-7,47,NaN,男,saiki_hisanori@example.com,080-7439-4776,06-4610-8472,5160368652154298,10/25
859859585018,歌代 彩子,うたしろ さいこ,1998-02-06,620,620-902,北海道札幌市豊平区豊平二条2-2-13,24,NaN,女,saiko_utashiro@example.jp,080-9114-7898,0574-63-4948,5483036125069282,02/24
352881188907,水内 晴海,みずうち はるみ,1968-07-14,381,381-2403,長野県長野市信州新町水内4-3-5,54,NaN,女,harumi_mizuuchi@example.com,080-7070-4823,03-1181-8253,4774678108328332,04/32
899937688345,笹山 賢三,ささやま けんぞう,1998-06-26,170,170-864,秋田県大館市根下戸新町2-4-13,24,NaN,その他・不明,sasayama@example.co.jp,080-8578-4300,0456-38-6309,5363125297186297,01/27
980949778838,三ツ橋 早智子,みつはし さちこ,1981-01-28,840,840-1106,佐賀県三養基郡みやき町市武5-1-1,41,NaN,女,mitsuhashi@example.ne.jp,090-1054-4260,03-7789-6228,5820599102012766,07/28
427472556090,毛利 裕二郎,もうり ゆうじろう,1992-11-24,961,961-0085,福島県白河市町田1-5-5,29,NaN,男,mouri@example.ne.jp,050-9738-7899,05-9059-7887,5608785007586882,02/25
801689400169,浜井 公孝,はまい きみたか,1989-08-30,382,382-0087,長野県須坂市東横町3-1-24,33,NaN,男,kimitaka_hamai@example.net,080-3097-2031,0872-41-4258,4205667659024817,02/26
687357285454,池田 文香,いけだ あやか,1999-07-15,905,905-0502,沖縄県国頭郡伊江村東江前1-1-18,23,NaN,女,ayaka@example.com,050-1597-2942,07-1934-3558,4219220532685269,09/26
712863151953,本多 雄輔,ほんだ ゆうすけ,1934-02-28,771,771-1704,徳島県阿波市阿波町引地5-3-5,88,NaN,男,hondayuusuke@example.com,070-5463-8484,0620-78-8589,377649540442400,11/29
332594099209,美馬 航也,みま こうや,1938-06-25,872,872-0112,大分県宇佐市上矢部4-2-27,84,NaN,男,mima_kouya@example.net,070-5762-3702,03-9196-9304,376505431528495,03/31
835998050975,三河 英幸,みかわ ひでゆき,1976-12-10,997,997-0756,山形県鶴岡市東目2-3-16,45,NaN,男,hideyuki_mikawa@example.net,070-7261-4404,05-8146-5140,379448615463060,12/30
408001336294,笠間 正江,かさま まさえ,1929-07-17,644,644-0003,和歌山県御坊市島1-5-16,93,NaN,女,masae_kasama@example.com,090-5937-8850,08-4913-1957,4275755141455449,12/28
867995182798,野辺 泰子,のべ やすこ,1963-07-19,170,170-0001,東京都豊島区西巣鴨4-1-23,59,NaN,その他・不明,yasuko_nobe@example.jp,050-5556-2241,03-5097-4344,5847897337607440,03/30
161383037810,歌代 雅夫,うたしろ まさお,1936-07-08,329,329-1333,栃木県さくら市長久保3-2-2,86,NaN,男,utashiro_masao@example.co.jp,050-2914-6537,0441-13-8212,373613019882396,07/24
626093903375,星野 龍介,ほしの りょうすけ,1931-09-06,819,819-0169,福岡県福岡市西区今宿西1-4-13,91,NaN,男,hoshino@example.net,070-5065-4412,0478-26-6534,4002771480651447,04/23
374244453535,西脇 哲史,にしわき さとし,1955-05-11,979,979-0213,福島県いわき市四倉町名木3-2-1,67,NaN,その他・不明,satoshi@example.ne.jp,090-7067-1703,0529-76-3427,4580901933269375,09/24
393461371024,仲野 到,なかの いたる,1979-01-18,606,606-8101,京都府京都市左京区高野蓼原町5-4-4,43,NaN,男,itaru@example.ne.jp,090-9676-8935,0781-90-4780,4085000444267102,12/28
220370931651,橋 友里恵,はし ゆりえ,1963-04-19,904,904-2225,沖縄県うるま市喜屋武4-1-2,59,NaN,女,hashi_yurie@example.com,050-6924-3192,0578-48-9934,4789505341083851,02/30
260738210567,浜田 真路,はまだ まさみち,1937-08-06,345,345-0024,埼玉県北葛飾郡杉戸町堤根4-5-3,85,NaN,男,masamichi_hamada@example.ne.jp,070-7017-7084,04-4015-2944,5522064555156479,11/26
749101697230,永原 陽,ながはら あきら,1967-02-06,874,874-0045,大分県別府市御幸2-2-16,55,NaN,男,nagahara_akira@example.jp,090-2946-4011,0487-48-6063,373177060254656,04/29
525621431738,水間 あさみ,みずま あさみ,1956-03-29,752,752-0924,山口県下関市王司南町4-1-28,66,NaN,女,mizuma_asami@example.ne.jp,070-8253-4260,03-4102-2493,5298943921444208,01/30
945727327772,仲野 弘子,なかの ひろこ,2021-06-06,439,439-0005,静岡県菊川市潮海寺2-1-25,1,NaN,その他・不明,hiroko_nakano@example.co.jp,050-6388-8041,0477-18-5845,5083819133547482,08/25
291338519948,豊福 到,とよふく いたる,1941-01-28,649,649-4111,和歌山県東牟婁郡串本町上田原3-4-4,81,NaN,男,toyofukuitaru@example.co.jp,080-3951-1378,0570-24-4927,5841401891990283,03/24
829073313118,藤本 基樹,ふじもと もとき,1960-11-11,604,604-0843,京都府京都市中京区塗師屋町1-2-3,61,NaN,男,fujimotomotoki@example.net,070-6191-8479,03-9675-4135,5353024415208810,03/26
107960671034,高塚 未希,たかつか みき,1982-01-29,496,496-0032,愛知県津島市深坪町5-5-6,40,NaN,女,takatsuka@example.ne.jp,090-5549-1078,03-9798-6085,5155904919357773,06/23
243189279565,錦織 浩平,にしきおり こうへい,1941-04-22,311,311-0312,茨城県常陸太田市西河内下町3-5-21,81,NaN,男,kouheinishikiori@example.net,080-9830-1848,03-8400-9580,4089358297451891,08/31
735109833977,青木 敦宏,あおき あつひろ,1973-08-26,895,895-233,北海道中川郡豊頃町豊頃南町4-1-22,49,NaN,男,atsuhiro_aoki@example.ne.jp,090-3650-6156,05-4729-6887,4935247427704784,05/23
835268235122,串田 隆広,くしだ たかひろ,1954-10-02,310,310-0822,茨城県水戸市圷大野5-5-13,68,NaN,男,kushida_takahiro@example.com,090-7167-3270,0857-64-8978,5091599491602319,09/31
887455963282,檜垣 和之,ひがき かずゆき,1944-06-05,470,470-152,北海道小樽市新光3-2-8,78,NaN,男,higakikazuyuki@example.jp,050-7542-3921,03-4318-2665,373528065007615,10/22
276095533632,深尾 勝美,ふかお まさみ,1998-08-28,932,932-0312,富山県砺波市庄川町高儀新5-3-13,24,NaN,男,fukao_masami@example.ne.jp,050-7494-5021,03-4691-5998,5855172839505245,01/29
599970687948,米田 雄作,よねだ ゆうさく,1970-11-20,182,182-608,秋田県山本郡八峰町八森岩館向台2-4-4,51,NaN,男,yoneda@example.co.jp,070-4507-2102,0699-80-6351,4604924902656977,10/27
308416554880,若杉 真之介,わかすぎ しんのすけ,1932-08-28,503,503-2428,岐阜県揖斐郡池田町片山5-3-27,90,NaN,男,shinnosuke@example.ne.jp,090-5711-7919,03-2494-7724,5992702018512746,03/30
561596257405,村中 悠介,むらなか ゆうすけ,2016-10-13,668,668-0311,兵庫県豊岡市但東町出合3-5-11,6,NaN,男,yuusuke@example.ne.jp,080-7434-8530,06-1425-7634,5266374558917512,04/30
104309333920,江田 哲宏,えだ あきひろ,1964-03-04,961,961-0863,福島県白河市七番町1-4-7,58,NaN,男,eda_akihiro@example.com,070-9179-2337,03-1060-8415,373487995541532,02/26
694578732287,魚谷 奈々美,うおたに ななみ,2022-09-01,394,394-123,青森県上北郡横浜町茅平5-2-22,0,NaN,女,uotani_nanami@example.com,090-3386-8574,03-1178-6132,5194810645824294,04/26
964960683027,深沢 麻理恵,ふかさわ まりえ,1963-02-09,109,109-21,北海道札幌市北区新川一条2-4-9,59,NaN,女,marie@example.co.jp,070-5365-6178,07-2241-5201,4686291998010976,09/28
230205599164,籔 由記,やぶ ゆき,1954-12-01,367,367-0101,埼玉県児玉郡美里町小茂田2-4-28,67,NaN,男,yuki@example.ne.jp,080-9557-1429,0411-77-6906,378829982168596,02/25
954787053210,小平 雄太,こだいら ゆうた,1952-01-09,781,781-316,北海道上川郡当麻町六条東2-4-6,70,NaN,男,yuuta@example.com,080-1741-6198,0611-75-1264,377561162896850,03/23
627780642223,佐古田 康秀,さこだ やすひで,2003-05-26,999,999-6602,山形県東田川郡庄内町三ケ沢4-2-19,19,NaN,男,yasuhide@example.ne.jp,080-6986-9376,03-1140-1342,5854305770525056,08/24
854706646403,進藤 瑞生,しんどう みずき,1941-05-08,782,782-104,北海道雨竜郡秩父別町４条1-5-18,81,NaN,女,shindou@example.jp,070-8818-9481,06-1434-1973,4189828100460249,09/32
742316832091,藤江 克彦,ふじえ かつひこ,2009-11-05,923,923-0335,石川県小松市滝ケ原町2-2-18,12,NaN,男,fujie_katsuhiko@example.com,080-3150-1111,05-6445-3831,5222100895676370,09/31
940136259889,岩花 伸介,いわはな しんすけ,1944-07-14,670,670-0995,兵庫県姫路市土山東の町3-4-5,78,NaN,男,shinsuke_iwahana@example.com,070-8288-6220,03-4939-3878,5708163747035095,12/31
605303915222,竹花 礼,たけはな れい,2006-12-25,500,500-8442,岐阜県岐阜市正法寺町2-2-26,15,NaN,男,rei_takehana@example.ne.jp,090-7673-7752,03-1298-5927,5127070220053755,07/28
633552760762,沢井 幸江,さわい さちえ,1953-08-26,923,923-0316,石川県小松市井口町5-5-7,69,NaN,女,sawai_sachie@example.jp,090-5280-1257,0880-20-1937,5639365992290813,04/23
486957339922,手塚 善史,てづか よしふみ,1937-04-05,634,634-0138,奈良県高市郡明日香村越1-1-6,85,NaN,男,yoshifumi_tezuka@example.com,050-9559-4686,0888-87-4078,5986782334363217,11/24
974086213736,分部 悠司,わけべ ゆうじ,1941-12-28,496,496-0808,愛知県津島市宝町4-4-29,80,NaN,男,yuuji@example.com,050-2068-8908,0735-42-2762,4649031063647738,12/26
850698938920,脇坂 泰一,わきさか たいいち,1923-06-27,871,871-0412,大分県中津市耶馬溪町栃木4-1-12,99,NaN,男,wakisaka@example.ne.jp,090-4304-1797,07-1996-5651,5174116601065117,10/30
242879057068,茶谷 仁美,ちゃたに ひとみ,2020-08-21,959,959-1703,新潟県五泉市矢津2-1-11,2,NaN,女,hitomi@example.jp,080-4256-5924,03-1475-4551,5647575201252073,09/27
988248979728,鳥飼 勝弘,とりかい まさひろ,2020-10-18,708,708-001,北海道旭川市神楽１条4-3-1,2,NaN,男,torikai_masahiro@example.net,090-8610-9286,03-6201-8798,4081864438084148,04/26
261169422928,中西 壮一,なかにし そういち,1991-04-29,270,270-0173,千葉県流山市谷5-2-27,31,NaN,男,souichi@example.net,050-3964-8479,03-4287-5655,378152344408327,01/30
926706459649,二見 あやこ,ふたみ あやこ,1976-07-10,720,720-808,北海道美唄市東明町3-5-17,46,NaN,女,futami@example.ne.jp,080-6496-7574,06-4851-2184,4238147209773002,07/30
543059493573,櫻澤 綾子,さくらざわ あやこ,2014-09-01,305,305-0812,茨城県つくば市東平塚2-3-23,8,NaN,女,ayakosakurazawa@example.co.jp,070-6139-3059,03-7773-9178,5232007524017507,01/32
604987806678,松野 雅人,まつの まさと,1964-03-09,668,668-0056,兵庫県豊岡市妙楽寺5-2-21,58,NaN,男,matsuno@example.jp,080-2008-4605,0564-11-3411,370757216811588,03/32
396146805020,池西 俊之,いけにし としゆき,1946-03-28,675,675-2445,兵庫県加西市殿原町5-5-22,76,NaN,男,toshiyuki@example.co.jp,090-5881-4253,03-2268-3526,5539341851849831,08/32
454831638304,大澤 美琴,おおさわ みこと,1992-09-19,788,788-351,北海道旭川市東光１１条4-3-25,30,NaN,女,oosawa@example.co.jp,080-7167-4536,07-8464-8901,378863095163477,05/29
110160872253,鷲見 由貴子,すみ ゆきこ,2022-04-21,781,781-7413,高知県安芸郡東洋町白浜2-3-18,0,NaN,女,sumi@example.com,090-7991-1351,03-5797-2176,5661015193615631,10/22
214918484393,玉村 奈緒子,たまむら なおこ,2008-02-02,300,300-1202,茨城県牛久市中根町5-3-12,14,NaN,女,tamamura@example.co.jp,050-2642-8830,0873-81-5912,4134107027790984,03/24
862221908152,玉城 順哉,たまき じゅんや,1992-11-14,771,771-5327,徳島県那賀郡那賀町西納5-3-25,29,NaN,男,tamaki@example.jp,070-9954-4652,0696-97-9625,5923958927455748,08/26
336048644517,門屋 諒,かどや りょう,2002-03-16,333,333-0805,埼玉県川口市戸塚鋏町2-4-18,20,NaN,その他・不明,ryou_kadoya@example.jp,070-9986-9321,04-7082-6638,5396724867433717,04/27
725913161928,村田 哲央,むらた てつお,1944-11-18,959,959-1953,新潟県阿賀野市発久5-2-1,77,NaN,男,murata@example.net,050-8235-1672,03-8222-2309,5723351189870277,10/23
243605199127,徳山 崇史,とくやま たかし,1949-01-25,690,690-812,北海道江別市幸町4-5-11,73,NaN,男,takashi_tokuyama@example.ne.jp,050-2606-7438,0869-57-8134,4636767505174322,07/26
678359448520,斎木 一樹,さいき かずき,1960-12-18,923,923-0946,石川県小松市相生町4-1-29,61,NaN,男,saikikazuki@example.jp,070-1202-9241,0458-90-1441,373055997657688,04/23
682938839764,前 陽,まえ あきら,1971-04-14,300,300-1401,茨城県稲敷郡河内町十三間戸3-4-16,51,NaN,男,akiramae@example.ne.jp,090-2633-6153,06-9368-9732,4606052591204351,05/27
924886907672,倉澤 務,くらさわ つとむ,1925-10-04,528,528-0036,滋賀県甲賀市水口町東名坂2-3-11,97,NaN,その他・不明,kurasawa_tsutomu@example.jp,080-1882-8981,03-7823-1577,5168589555164938,03/23
260102640270,池上 沙也香,いけがみ さやか,1929-04-20,420,420-914,北海道函館市上湯川町1-3-14,93,NaN,女,ikegamisayaka@example.ne.jp,050-5229-9539,0465-66-5786,4029604247202320,02/26
226135257087,五嶋 正春,ごとう まさはる,1963-04-09,640,640-0422,和歌山県紀の川市貴志川町岸小野1-5-24,59,NaN,男,gotou@example.jp,050-2541-2700,08-8851-9813,4883366079829334,06/25
782693759293,森岡 裕美,もりおか ゆみ,1945-05-27,981,981-3331,宮城県富谷市東向陽台3-1-8,77,NaN,女,yumimorioka@example.com,090-5623-6651,0678-69-4722,5923081644629525,10/26
730903682680,原口 将,はらぐち まさる,1995-11-13,779,779-1118,徳島県阿南市那賀川町豊香野2-2-5,26,NaN,男,masaruharaguchi@example.net,080-3988-6590,0430-57-2591,4304816415841229,11/24
796965346652,長倉 高志,ながくら たかし,1976-07-23,959,959-2122,新潟県阿賀野市飯森杉5-2-12,46,NaN,男,nagakura_takashi@example.com,070-2248-1533,0875-66-5197,377913031229607,07/32
479629073877,外園 洋祐,ほかぞの ようすけ,1969-02-24,606,606-0014,京都府京都市左京区岩倉西河原町2-4-20,53,NaN,男,hokazono@example.co.jp,050-7582-5350,04-9674-9512,4373686849463168,01/30
343306998380,加納 さくら,かのう さくら,1927-12-05,410,410-0231,静岡県沼津市西浦木負3-1-15,94,NaN,女,kanousakura@example.jp,080-9647-2426,0462-97-5527,5110751092089413,10/23
249623372872,石澤 志保,いしざわ しほ,1928-04-05,993,993-0054,山形県長井市清水町5-5-27,94,NaN,女,ishizawa_shiho@example.jp,050-7208-4805,0469-97-5784,4417842036173065,04/25
802171077552,川北 茂昭,かわきた しげあき,1988-11-25,959,959-2425,新潟県新発田市高田2-5-13,33,NaN,男,shigeaki_kawakita@example.net,080-8767-3465,08-7087-1714,5655934690104649,10/24
271844229379,中谷 雅宣,なかたに まさのぶ,1999-11-06,391,391-514,青森県三戸郡五戸町下中崎1-4-14,22,NaN,男,masanobunakatani@example.co.jp,050-4149-9746,04-4830-2564,5188672502847749,01/26
790233717812,藤崎 貴幸,ふじさき たかゆき,2002-06-20,955,955-0163,新潟県三条市島潟5-2-14,20,NaN,その他・不明,takayuki_fujisaki@example.jp,070-2434-7230,0885-17-8944,4311629518567838,01/24
681813340934,西脇 哲郎,にしわき てつろう,1961-05-28,250,250-324,岩手県花巻市小瀬川4-4-5,61,NaN,男,nishiwaki_tetsurou@example.jp,080-2818-8649,08-2552-4877,5275685733818555,10/27
921891154212,高嶋 龍人,たかしま たつひと,1922-01-26,697,697-0034,島根県浜田市相生町3-2-10,100,NaN,男,takashima@example.jp,080-1027-9363,03-2857-3209,5168415717241007,12/29
716717899161,日下部 教之,くさかべ かずゆき,1949-04-09,709,709-3634,岡山県久米郡久米南町京尾4-3-15,73,NaN,男,kusakabe@example.jp,090-8559-7370,0577-55-1106,5922699487186046,11/28
420585286853,米良 朋美,めら ともみ,1956-01-10,969,969-2271,福島県耶麻郡猪苗代町中小松2-1-1,66,NaN,女,tomomi@example.net,080-1028-3251,03-7969-9084,373159668889143,06/32
796943946480,竹澤 紘平,たけざわ こうへい,1982-04-15,178,178-0062,東京都練馬区大泉町2-3-24,40,NaN,男,kouheitakezawa@example.co.jp,050-9168-2479,03-5924-2912,5318498702883436,11/24
192871466963,小保方 佳司,おぼかた けいじ,1982-08-16,289,289-1222,千葉県山武市板中新田5-1-8,40,NaN,その他・不明,keijiobokata@example.com,050-3794-3040,08-2901-6239,4322681584055203,11/24
846536037576,岩崎 祐志,いわさき ゆうじ,1984-02-09,930,930-1333,富山県富山市上大浦1-3-9,38,NaN,男,iwasakiyuuji@example.ne.jp,080-6788-6675,07-2849-8169,4157506751325528,03/24
621925320112,北林 康夫,きたばやし やすお,1945-07-28,875,875-0003,大分県臼杵市田井4-2-7,77,NaN,男,yasuo_kitabayashi@example.com,090-2723-5933,03-3275-7289,4172188682930157,01/28
172761662619,廣田 加奈,ひろた かな,1981-12-19,292,292-1147,千葉県君津市塚原2-3-23,40,NaN,女,kana@example.co.jp,090-8032-9021,0582-19-1069,374078120215075,11/29
379426841611,宮尾 勝一,みやお しょういち,1938-07-02,343,343-0815,埼玉県越谷市元柳田町2-2-23,84,NaN,男,shouichi_miyao@example.com,090-9536-4885,0416-68-7089,379563061442181,08/23
110235309220,守屋 典宏,もりや のりひろ,1945-02-28,891,891-2125,鹿児島県垂水市旭町3-3-15,77,NaN,男,moriyanorihiro@example.com,070-4605-8204,03-1802-3782,5992667280582560,05/30
490138799294,楠元 千穂子,くすもと ちほこ,2022-06-19,936,936-0077,富山県滑川市魚躬4-3-18,0,NaN,女,kusumoto@example.net,090-7918-7624,0760-80-4269,5804711217681598,06/27
577342682641,武藤 亜也子,むとう あやこ,2010-11-25,495,495-0024,愛知県稲沢市祖父江町野田3-2-2,11,NaN,女,mutou_ayako@example.ne.jp,070-6810-9434,05-6452-6012,5941006707535055,09/23
174072969540,原山 好博,はらやま よしひろ,1948-04-01,770,770-0908,徳島県徳島市眉山町4-1-12,74,NaN,男,harayama_yoshihiro@example.jp,070-9864-5077,0878-13-8456,5802959805663007,06/30
717552292616,桜田 貞之,さくらだ さだゆき,1947-01-16,951,951-8056,新潟県新潟市中央区花町4-2-10,75,NaN,男,sadayuki@example.jp,080-2940-2478,05-6088-2810,4767104937158465,03/31
940914661153,持丸 剛一,もちまる こういち,1935-05-04,890,890-0038,鹿児島県鹿児島市向陽4-3-26,87,NaN,男,mochimarukouichi@example.ne.jp,080-5961-6536,03-9391-6165,4883595208908432,12/27
393269263459,丸茂 奈央子,まるも なおこ,1985-09-26,391,391-508,青森県三戸郡五戸町赤川4-4-20,37,NaN,女,naoko@example.co.jp,050-1501-2940,03-5712-7461,5602247590339296,02/24
495648336481,大原 さとこ,おおはら さとこ,1975-08-05,999,999-2178,山形県東置賜郡高畠町上平柳5-5-29,47,NaN,女,oohara_satoko@example.co.jp,090-9279-4157,04-4091-5608,5687441858225978,03/24
549880016803,宇佐見 秋子,うさみ あきこ,1954-05-20,696,696-0313,島根県邑智郡邑南町山田4-3-23,68,NaN,女,akiko@example.ne.jp,090-5378-9569,0570-36-1523,5632604885495312,08/27
838143277416,蜂谷 あさ美,はちや あさみ,1947-05-28,382,382-753,青森県西津軽郡鰺ヶ沢町本町5-3-7,75,NaN,女,asami_hachiya@example.jp,070-3760-2351,0770-43-8159,5856792162198175,08/32
718548914513,重村 公一郎,しげむら こういちろう,1969-06-06,319,319-0315,茨城県水戸市内原町5-2-18,53,NaN,男,kouichiroushigemura@example.jp,050-7516-8496,03-1925-8409,4318427374059581,03/27
951105708740,阪田 義晴,さかた よしはる,1993-03-26,329,329-4411,栃木県栃木市大平町横堀4-1-9,29,NaN,男,sakata_yoshiharu@example.com,050-4300-1775,06-4422-6978,5999783180373206,01/29
773047024412,井原 哲央,いはら てつお,1936-08-06,989,989-1272,宮城県柴田郡大河原町南桜町2-3-14,86,NaN,男,iharatetsuo@example.co.jp,080-6693-7245,07-6210-1488,5309355722409400,07/23
233011000800,安里 拓夫,あさと たくお,1929-12-01,670,670-0026,兵庫県姫路市岡町2-3-20,92,NaN,男,takuoasato@example.jp,050-6668-8711,03-9508-8392,4623968368615164,08/32
592222895732,葛西 正義,かさい せいぎ,1983-08-28,710,710-213,北海道上川郡美瑛町東町5-2-2,39,NaN,その他・不明,seigi@example.ne.jp,050-4736-9108,05-2817-8489,5663665987277443,07/25
898457787179,谷村 早智子,たにむら さちこ,1927-02-13,920,920-0322,石川県金沢市金石今町4-1-8,95,NaN,女,sachiko_tanimura@example.net,080-5829-2389,03-9344-1530,5765405570442185,09/24
297945855901,多賀 香織,たが かおり,2014-10-06,791,791-1206,愛媛県上浮穴郡久万高原町上野尻3-4-11,8,NaN,その他・不明,taga_kaori@example.co.jp,050-6929-5338,05-2814-2475,4465181426601550,07/26
337295996222,間瀬 健太,ませ けんた,1931-06-16,939,939-2366,富山県富山市八尾町保内4-5-15,91,NaN,男,mase_kenta@example.net,080-7132-9884,0796-26-8472,5225167148000693,11/27
228228101839,黒瀬 やよい,くろせ やよい,1940-08-28,467,467-0836,愛知県名古屋市瑞穂区佃町3-5-19,82,NaN,女,kuroseyayoi@example.com,070-5052-9121,03-1634-5833,5741496922388548,03/30
800666350967,室田 佐知,むろた さち,2017-02-04,952,952-0202,新潟県佐渡市栗野江1-5-6,5,NaN,女,sachi@example.co.jp,090-1291-7385,0427-89-5247,4212499605127917,05/29
290439536319,小玉 裕治,こだま ゆうじ,2013-01-06,952,952-2212,新潟県佐渡市小野見3-5-9,9,NaN,男,yuuji@example.co.jp,080-5732-9630,0463-61-5844,5581940946779406,10/30
142984108113,瀧本 大記,たきもと だいき,2021-08-28,717,717-0402,岡山県真庭市湯原温泉4-2-20,1,NaN,男,takimoto_daiki@example.jp,090-5672-9748,0578-47-2842,4473359137335472,04/32
874785622073,徳富 扶美子,とくとみ ふみこ,1997-01-10,338,338-0013,埼玉県さいたま市中央区鈴谷2-3-20,25,NaN,女,tokutomifumiko@example.jp,090-1294-6965,03-5688-3391,4786570936071008,10/30
267261925897,笹原 真喜子,ささはら まきこ,1961-05-28,606,606-8427,京都府京都市左京区鹿ケ谷法然院西町1-1-5,61,NaN,女,makikosasahara@example.com,070-9349-2757,07-5936-3408,4835615526668471,09/28
804704778451,松永 覚,まつなが さとる,1988-08-07,781,781-8131,高知県高知市一宮しなね3-2-29,34,NaN,男,satoru_matsunaga@example.jp,080-3743-1549,07-8951-9349,5822043780300858,10/22
521401778705,片岡 香,かたおか かおり,1989-07-16,339,339-0047,埼玉県さいたま市岩槻区原町2-2-24,33,NaN,女,kataoka@example.jp,080-1707-5518,04-1818-5859,4938281854704794,03/24
197790245883,塩 裕香,しお ゆか,1939-03-20,800,800-144,北海道河東郡音更町宝来北四条2-1-19,83,NaN,女,yukashio@example.com,050-7842-4316,0418-80-8989,4277512958614024,12/31
651093277340,鶴原 明久,つるはら あきひさ,2007-01-20,689,689-0106,鳥取県鳥取市福部町海士2-5-8,15,NaN,男,akihisa_tsuruhara@example.jp,070-6210-7056,0775-98-5191,4972194028927845,06/27
933981651976,巣山 龍二,すやま りゅうじ,1972-10-04,411,411-122,北海道亀田郡七飯町大川5-2-3,50,NaN,男,suyama_ryuuji@example.net,090-3436-4603,07-6446-4911,4273868789555157,06/28
356571094948,永淵 一人,ながふち かずひと,1988-05-23,963,963-8207,福島県石川郡平田村下蓬田5-2-11,34,NaN,男,nagafuchi_kazuhito@example.co.jp,070-3274-7876,03-9707-5359,377382116609300,02/26
585356347730,粂 克之,くめ かつゆき,1937-07-01,914,914-0062,福井県敦賀市相生町3-2-16,85,NaN,男,kumekatsuyuki@example.net,090-3825-1619,0532-13-1066,5439064809930098,06/30
242655857121,梶浦 佑一郎,かじうら ゆういちろう,2022-04-09,950,950-0028,新潟県新潟市東区小金台3-2-2,0,NaN,男,yuuichirou_kajiura@example.co.jp,090-2987-4074,07-7258-7158,4448833510791679,01/30
650226823522,八尋 雅樹,やひろ まさき,1974-02-20,422,422-8043,静岡県静岡市駿河区中田本町3-5-16,48,NaN,男,masaki_yahiro@example.com,090-9174-2860,03-3721-2391,4540428010978691,01/27
274417755600,塙 聖美,はなわ さとみ,1940-04-08,954,954-0072,新潟県見附市北野町3-3-13,82,NaN,女,hanawasatomi@example.net,050-7630-9916,03-8228-8906,5238297489545253,03/32
432785831548,谷田 律子,たにだ りつこ,1928-03-28,196,196-0024,東京都昭島市宮沢町3-5-6,94,NaN,女,tanida_ritsuko@example.jp,070-5620-6161,03-4886-5426,5677159957138572,09/27
708224893420,宮岡 貞之,みやおか さだゆき,1969-06-18,953,953-0113,新潟県新潟市西蒲区西船越4-3-29,53,NaN,男,miyaokasadayuki@example.net,070-1307-1237,07-1723-9990,371374494311829,03/29
417376924869,山野井 加代子,やまのい かよこ,1949-07-12,647,647-1744,和歌山県田辺市本宮町三越2-3-9,73,NaN,女,kayoko_yamanoi@example.jp,080-7962-5610,03-5783-2014,4817902185117472,07/23
926546768453,上垣 照代,うえがき てるよ,1966-03-09,391,391-506,青森県三戸郡五戸町熊野林4-3-23,56,NaN,女,teruyouegaki@example.jp,050-5977-7651,03-3698-3249,5284413810117834,07/27
977526565466,北澤 和範,きたざわ かずのり,1967-09-19,221,221-0075,神奈川県横浜市神奈川区白幡上町5-2-23,55,NaN,男,kitazawa_kazunori@example.jp,050-1943-6068,03-3451-7521,5282621616676637,08/32
480525528535,稲辺 修,いなべ おさむ,1975-12-15,400,400-0123,山梨県甲斐市島上条3-5-23,46,NaN,男,osamu@example.net,090-1191-3154,03-3767-4062,373634915284268,12/31
531821236663,高林 勝士,たかばやし まさし,1924-07-25,809,809-0018,福岡県中間市通谷1-3-25,98,NaN,その他・不明,masashitakabayashi@example.ne.jp,050-1373-8339,07-6451-2363,4528483170434433,11/28
168427826780,北林 真康,きたばやし まさやす,1950-04-20,869,869-4214,熊本県八代市鏡町中島2-3-29,72,NaN,男,masayasu_kitabayashi@example.co.jp,050-8254-2046,03-3684-3626,4114806713275204,10/30
752197911467,儀間 茂昭,ぎま しげあき,1988-01-27,237,237-0079,神奈川県横須賀市港が丘4-5-8,34,NaN,男,shigeaki@example.jp,050-9306-5182,0679-60-2189,4708702785045139,06/32
987804953387,倉澤 浩,くらさわ ひろし,1979-01-13,437,437-0047,静岡県袋井市西田2-2-1,43,NaN,男,kurasawa@example.jp,090-2877-6732,03-4563-6967,4427076157802621,03/26
624529497726,本城 佳之,ほんじょう よしゆき,1933-04-01,410,410-2325,静岡県伊豆の国市神島4-3-16,89,NaN,男,honjou_yoshiyuki@example.ne.jp,080-8595-3020,05-6512-4279,5803749708042568,04/28
164744965845,細川 香央里,ほそかわ かおり,1988-11-20,662,662-0051,兵庫県西宮市羽衣町4-1-9,33,NaN,女,hosokawakaori@example.net,070-1615-2223,0822-12-3822,4433594435622046,01/30
501669580148,森崎 樹,もりさき みき,1961-07-27,871,871-0716,大分県中津市山国町中摩5-5-14,61,NaN,男,morisaki_miki@example.ne.jp,080-2487-5755,07-4975-3758,5094047513590721,08/31
779800958238,本間 里恵,ほんま りえ,2004-03-14,959,959-1953,新潟県阿賀野市発久2-2-19,18,NaN,その他・不明,rie_honma@example.co.jp,090-9509-5673,0693-48-1522,4317972369372327,07/26
746384732542,有村 信一,ありむら しんいち,1968-01-30,354,354-0002,埼玉県富士見市上南畑4-2-17,54,NaN,男,shin'ichi@example.jp,070-8190-5076,0678-55-7532,4134377414370789,12/22
689527810794,芦澤 淳,あしざわ じゅん,1958-01-06,668,668-0053,兵庫県豊岡市九日市中町1-1-27,64,NaN,男,ashizawajun@example.jp,080-7703-7947,03-2470-4230,372369885272756,05/24
755972435012,會澤 靖雄,あいざわ やすお,1935-08-01,719,719-3214,岡山県真庭市鍋屋2-1-11,87,NaN,男,yasuo@example.jp,070-4427-3180,07-1871-1481,5332879416624483,02/26
843700926265,森木 たかし,もりき まさし,2007-07-02,889,889-4155,宮崎県えびの市亀沢3-4-20,15,NaN,男,moriki@example.co.jp,070-9448-8702,07-2734-3349,4093111892218629,04/23
796215677520,中島 敏明,なかじま としあき,1967-06-18,791,791-2116,愛媛県伊予郡砥部町原町1-1-22,55,NaN,男,toshiaki_nakajima@example.jp,070-7613-1331,05-8380-1121,5055371415248655,03/29
906299874442,西村 静香,にしむら しずか,1994-09-30,307,307-0003,茨城県結城市富士見町5-4-18,28,NaN,女,nishimura_shizuka@example.jp,090-6491-9498,03-7986-3603,4712006574233498,08/32
322249256516,八木下 啓次,やぎした けいじ,1932-01-12,523,523-0876,滋賀県近江八幡市本町5-3-19,90,NaN,男,keiji@example.ne.jp,080-5392-2752,0829-54-2063,5304507826842298,11/23
935950025364,池内 克俊,いけうち かつとし,1974-10-18,796,796-0075,愛媛県八幡浜市仲之町4-5-27,48,NaN,男,ikeuchi_katsutoshi@example.net,080-7113-1554,03-2007-5437,5873542618706274,12/28
920451545956,千代 伸治,ちよ しんじ,1956-11-08,484,484-0918,愛知県犬山市ニタ田2-3-4,65,NaN,男,shinji_chiyo@example.net,070-3899-5344,03-4866-9726,5239051715895951,03/27
219259497892,南雲 礼奈,なぐも れいな,1945-12-18,484,484-0812,愛知県犬山市山ノ田3-4-17,76,NaN,女,reina_nagumo@example.ne.jp,080-1009-6161,03-3919-2860,5193238903301162,06/24
365536845798,中脇 直之,なかわき ただゆき,1926-10-17,410,410-813,北海道函館市亀田本町4-2-21,96,NaN,男,tadayukinakawaki@example.jp,080-9312-5873,03-6903-5174,5535479988819396,07/25
915428827545,福岡 克己,ふくおか かつみ,1933-06-09,421,421-1309,静岡県静岡市葵区杉尾2-5-14,89,NaN,男,katsumifukuoka@example.jp,080-6495-2641,0653-48-1820,4349223555854250,08/29
617862680283,新谷 弘道,しんたに ひろみち,1983-07-14,418,418-0025,静岡県富士宮市前田町2-2-20,39,NaN,男,hiromichi_shintani@example.co.jp,070-2785-7142,0459-40-4347,4371381445309821,04/26
988219731187,水原 光子,みずはら ひかるこ,1974-08-25,691,691-218,北海道夕張郡由仁町伏見2-4-8,48,NaN,女,hikarukomizuhara@example.jp,090-1289-2009,03-7726-8129,5384030727158451,05/30
945959994607,澤村 弘一郎,さわむら こういちろう,1992-03-12,581,581-0853,大阪府八尾市楽音寺5-1-20,30,NaN,男,kouichirou@example.jp,070-2220-3720,0733-36-6729,4366562230173173,08/24
158906729664,倉持 美智代,くらもち みちよ,1953-04-22,669,669-3402,兵庫県丹波市春日町新才3-1-15,69,NaN,女,michiyo@example.ne.jp,080-2744-6648,0560-52-1697,373265737354400,05/25
106191748962,豊 友梨,ゆたか ゆり,1961-03-10,519,519-1106,三重県亀山市関町会下2-4-25,61,NaN,女,yuri_yutaka@example.co.jp,090-1491-1351,0532-17-8771,5871083168967302,08/27
596466958153,高澤 晶,たかざわ あき,1956-11-16,385,385-0061,長野県佐久市伴野5-1-29,65,NaN,男,takazawa_aki@example.ne.jp,050-7754-7493,03-3125-2705,5028221541021371,06/27
926872077064,瀧内 清明,たきうち きよあき,1999-12-14,819,819-1149,福岡県糸島市千早新田西5-3-4,22,NaN,男,takiuchi_kiyoaki@example.ne.jp,080-2906-2098,0550-24-1851,4092827302918881,10/25
932733271092,神崎 きよし,かんざき きよし,2020-04-06,289,289-0306,千葉県香取市上小堀2-2-1,2,NaN,男,kiyoshi_kanzaki@example.com,070-9235-7452,0520-76-4606,4993467328103752,04/32
721552558033,大田 義範,おおた よしのり,1977-11-09,789,789-1411,高知県高岡郡中土佐町大野見野老野1-1-11,44,NaN,その他・不明,yoshinori@example.ne.jp,050-4354-1647,0519-25-3222,5594020785986963,05/27
346149931985,渥美 将浩,あつみ まさひろ,1983-01-13,577,577-0831,大阪府東大阪市俊徳町3-2-10,39,NaN,その他・不明,atsumi@example.net,050-3821-2777,04-4629-3571,375413238743501,12/22
647921052929,坂入 英敏,さかいり ひでとし,1968-01-21,492,492-461,北海道茅部郡森町三岱3-5-20,54,NaN,男,hidetoshisakairi@example.ne.jp,090-7680-4483,08-5936-7977,4572363281342874,02/24
567363831730,平沢 和輝,ひらさわ かずき,1953-07-06,341,341-0042,埼玉県三郷市谷口4-5-9,69,NaN,男,hirasawa@example.jp,090-6976-5289,08-8721-2567,372923299586660,07/29
381910816326,七尾 千絵,ななお ちえ,1998-11-27,182,182-404,秋田県山本郡三種町富岡新田2-4-16,23,NaN,女,nanao@example.jp,050-4428-3787,03-4060-1450,379058411575385,09/28
669232907804,永井 大,ながい だい,2004-09-11,175,175-0082,東京都板橋区高島平2-3-25,18,NaN,男,dai_nagai@example.net,070-5136-2455,03-9642-5260,4159098302330640,12/22
894330739347,美馬 玲美,みま なるみ,1992-05-29,388,388-8012,長野県長野市篠ノ井二ツ柳4-5-29,30,NaN,女,narumi_mima@example.net,050-2457-9637,07-4359-7589,4487181721926920,01/28
691437111090,桑江 憲,くわえ ただし,1959-03-26,951,951-8065,新潟県新潟市中央区東堀通5-5-3,63,NaN,男,kuwae_tadashi@example.co.jp,070-3751-4691,03-5476-7677,5465941418063433,12/26
237882294953,野木 智弘,のぎ としひろ,1996-09-10,859,859-4742,長崎県松浦市星鹿町牟田免2-2-5,26,NaN,男,nogi_toshihiro@example.co.jp,070-3273-9321,08-7011-3639,4618295851197575,01/27
928820531220,北村 弘徳,きたむら ひろのり,1969-01-24,870,870-0929,大分県大分市長谷町2-1-5,53,NaN,男,kitamurahironori@example.co.jp,080-3430-9646,03-9171-3560,4326149320747216,03/24
635857590158,前川 勝敏,まえかわ かつとし,1939-04-13,812,812-0039,福岡県福岡市博多区冷泉町4-4-20,83,NaN,男,maekawakatsutoshi@example.net,090-3227-7531,07-5873-1311,4233501616911132,12/23
954490744976,中内 也寸志,なかうち やすし,1977-01-22,911,911-0811,福井県勝山市片瀬2-2-5,45,NaN,男,yasushinakauchi@example.ne.jp,070-2960-6726,08-4487-2011,5952146056902071,04/32
287942336355,古村 秀,こむら ひで,1934-02-15,806,806-0005,福岡県北九州市八幡西区舟町1-2-3,88,NaN,男,hide@example.com,050-9470-7498,08-2308-3784,4286411190134594,09/25
455577207872,香取 弓子,かとり ゆみこ,1929-05-17,663,663-8243,兵庫県西宮市津門大箇町3-2-9,93,NaN,女,yumiko@example.jp,070-4188-2857,03-4052-4587,5808887108161489,07/25
271579785698,大隅 祐司,おおすみ ゆうじ,2008-12-25,519,519-2216,三重県多気郡多気町古江2-3-1,13,NaN,男,oosumi@example.net,080-3630-9928,0788-98-1484,5889515444134449,01/25
979040635997,石倉 なつみ,いしくら なつみ,1984-06-15,901,901-0314,沖縄県糸満市座波4-5-13,38,NaN,女,natsumi_ishikura@example.com,080-5011-5989,0740-35-5085,4910830231856951,05/24
275917384897,椿原 佳介,つばきはら かすけ,1930-05-10,981,981-2132,宮城県伊具郡丸森町馬渕4-3-12,92,NaN,男,tsubakiharakasuke@example.net,050-3262-4890,0434-86-3047,4752011538032104,04/29
451747793607,門司 勝雄,もんじ まさお,2001-02-13,999,999-6826,山形県酒田市稲荷沢1-5-28,21,NaN,男,masaomonji@example.jp,050-5537-1030,0590-27-9015,5144908087808418,10/26
892268240223,安岡 孝介,やすおか こうすけ,1990-05-09,699,699-1334,島根県雲南市木次町新市2-2-6,32,NaN,男,kousuke@example.net,080-6891-7330,03-2003-3295,5818556688399937,01/27
336589927786,芝崎 直弘,しばさき なおひろ,1979-05-18,361,361-0041,埼玉県行田市棚田町5-3-27,43,NaN,男,naohiro_shibasaki@example.ne.jp,090-3825-5342,03-4542-6756,5977436039113857,01/27
993232796122,小室 博道,こむろ ひろみち,2007-09-07,418,418-0063,静岡県富士宮市若の宮町5-2-15,15,NaN,男,hiromichikomuro@example.net,080-6794-6007,0692-98-4884,4372154216387377,08/31
227880049371,朝比奈 健輔,あさひな けんすけ,1998-12-05,969,969-6201,福島県大沼郡会津美里町安田3-1-19,23,NaN,男,kensuke_asahina@example.jp,070-7926-9632,0582-56-8419,376423009284906,12/31
163887594855,筒井 晃浩,つつい あきひろ,1980-02-12,410,410-2112,静岡県伊豆の国市内中4-2-4,42,NaN,男,akihirotsutsui@example.com,070-9061-8503,03-5104-5959,5832210338417463,07/31
393500180378,牧志 隆広,まきし たかひろ,1990-07-03,681,681-125,北海道石狩郡新篠津村上篠津4-1-10,32,NaN,男,makishi@example.co.jp,050-3536-9285,0428-41-4980,4467138957291021,10/28
511980715176,平田 芳典,ひらた よしのり,2016-01-11,503,503-0906,岐阜県大垣市室町3-5-13,6,NaN,男,yoshinori_hirata@example.jp,080-2010-3107,04-2469-4033,5262868287255559,07/26
358894482636,紺谷 裕一郎,こんたに ゆういちろう,1978-02-27,960,960-0785,福島県伊達市梁川町小梁川4-3-4,44,NaN,男,yuuichirou@example.net,080-8259-1554,08-5952-9439,5494806835830451,03/24
912327164295,鈴川 憲史,すずかわ のりふみ,1997-01-25,311,311-4407,茨城県東茨城郡城里町徳蔵3-4-1,25,NaN,男,norifumi@example.jp,050-8298-3681,0635-63-8394,5106365341426054,10/22
265052410675,舛田 とも子,ますだ ともこ,1931-07-06,861,861-0102,熊本県熊本市北区植木町内5-1-18,91,NaN,女,masuda_tomoko@example.jp,080-1952-7693,0523-17-3190,5720784829731513,03/32
430995535221,玉木 真,たまき まこと,2012-11-14,514,514-0821,三重県津市垂水4-5-11,9,NaN,男,tamaki@example.jp,090-8655-3469,0455-95-1000,4313039798077806,02/31
764018266901,亀崎 咲,かめざき さき,1957-07-20,370,370-1206,群馬県高崎市台新田町5-4-21,65,NaN,その他・不明,saki_kamezaki@example.jp,080-3116-7597,05-1130-4901,4845408290994883,01/27
916424800965,須田 和良,すだ かずよし,1953-02-10,981,981-2121,宮城県伊具郡丸森町吉田5-1-25,69,NaN,男,sudakazuyoshi@example.com,050-2737-6480,07-2252-2418,372266593856362,11/29
